id,name,neighbourhood_group,neighbourhood,latitude_x,longitude_x,room_type,price_x,minimum_nights_x,minimum_nights_y,price_y,geometry
71248,Bright and lovely 1-bdrm LES apt w/ balcony,Manhattan,Chinatown,40.7159,-73.99156,Entire home/apt,107,15,30,160.0,POINT (-73.99156 40.7159)
42300,Beautiful Lower East Side Loft,Manhattan,Lower East Side,40.71992,-73.99167,Entire home/apt,750,5,30,750.0,POINT (-73.99167 40.71992)
75635,Bright Cozy Chinatown Studio Apt.,Manhattan,Lower East Side,40.71911,-73.98588,Entire home/apt,175,3,30,120.0,POINT (-73.98588 40.71911)
59014,"Spacious 1BR, Adorable Clean Quiet",Manhattan,Lower East Side,40.71946,-73.98641,Entire home/apt,180,30,30,150.0,POINT (-73.98641 40.71946)
59709,"Artistic, Cozy, and Spacious w/ Patio! Sleeps 4",Manhattan,Chinatown,40.7178,-73.9932,Entire home/apt,300,7,30,,POINT (-73.9932 40.7178)
150804,Colorful 2+ Bedroom Apt. on NYC's Lower East Side,Manhattan,Lower East Side,40.7203,-73.98424,Entire home/apt,350,4,4,,POINT (-73.98424 40.7203)
235960,"LES private 1 bd apt, walk to *everthing*",Manhattan,Lower East Side,40.72113,-73.98442,Entire home/apt,124,30,30,200.0,POINT (-73.98442 40.72113)
272044,Luxury Designer Home Downtown Manhattan,Manhattan,Lower East Side,40.72123,-73.98451,Entire home/apt,225,3,3,249.0,POINT (-73.98451 40.72123)
213330,Master Bedroom - Unbelievably RARE Penthouse Oasis,Manhattan,Lower East Side,40.71724,-73.99054,Private room,210,10,30,199.0,POINT (-73.99054 40.71724)
258930,"Large, Art & Light Filled Apartment Downtown NYC",Manhattan,Chinatown,40.71517,-73.99376,Entire home/apt,95,30,30,,POINT (-73.99376 40.71517)
353317,Lower East Side 1bedroom apt in NYC,Manhattan,Chinatown,40.71481,-73.99059,Private room,110,30,30,120.0,POINT (-73.99059 40.71481)
262478,Chic + Stylish room in heart of LowerEastSide NYC!,Manhattan,Lower East Side,40.71881,-73.9879,Private room,120,30,30,,POINT (-73.9879 40.71881)
266449,2 Bedroom Gem - Prime LES Location,Manhattan,Lower East Side,40.719482,-73.98877,Entire home/apt,165,30,30,120.0,POINT (-73.98877 40.719482)
266753,2 Bedroom apt.in Manhattan/New York,Manhattan,Lower East Side,40.71941,-73.98968,Entire home/apt,250,3,30,250.0,POINT (-73.98968 40.71941)
467569,Curated 1BR on the prettiest block of the LES,Manhattan,Lower East Side,40.71937,-73.98387,Entire home/apt,311,50,50,311.0,POINT (-73.98387 40.71937)
478053,Great LES / Chinatown bedroom,Manhattan,Two Bridges,40.71101,-73.99518,Private room,207,2,30,125.0,POINT (-73.99518 40.71101)
346579,NYC Lower East Side 1 BR + office,Manhattan,Lower East Side,40.71932,-73.98364,Entire home/apt,135,150,180,102.0,POINT (-73.98364 40.71932)
504437,The biggest smallest apartment in Manhattan,Manhattan,Lower East Side,40.72103,-73.98835,Entire home/apt,84,30,30,,POINT (-73.98835 40.72103)
578267,Perfect Bedroom* Lovely Apt* Manhattan*Super Host,Manhattan,Two Bridges,40.71271,-73.99534,Private room,98,30,30,,POINT (-73.99534 40.71271)
512022,"Sunny, Clean, Minimal, Modern Apt",Manhattan,Lower East Side,40.7211,-73.98271,Entire home/apt,200,5,30,,POINT (-73.98271 40.7211)
453255,"Exciting Lower East Side, Loft Life",Manhattan,Lower East Side,40.71776,-73.98486,Entire home/apt,240,7,30,,POINT (-73.98486 40.71776)
649972,Large 1BD in Downtown NYC. New elevator building.,Manhattan,Lower East Side,40.71799,-73.99213,Entire home/apt,199,30,30,,POINT (-73.99213 40.71799)
666837,Adorable Studio in a Village Atmosphere,Manhattan,Lower East Side,40.71879,-73.99176,Entire home/apt,90,30,30,110.0,POINT (-73.99176 40.71879)
680104,Newly Renovated 1 BR,Manhattan,Chinatown,40.71809,-73.99453,Private room,137,30,30,,POINT (-73.99453 40.71809)
752616,Sunny 2BR Penthouse - HUGE Terrace,Manhattan,Chinatown,40.7156,-73.9915,Entire home/apt,800,3,30,500.0,POINT (-73.9915 40.7156)
783341,Private Bedroom LOWER EAST SIDE FULLVAC GUEST ONLY,Manhattan,Lower East Side,40.71562,-73.98401,Private room,59,24,30,71.0,POINT (-73.98401 40.71562)
785166,Comfy Cool Convenient Downtown 2BR,Manhattan,Lower East Side,40.71774,-73.982,Entire home/apt,150,58,58,,POINT (-73.982 40.71774)
855462,1BR in Charming Downtown Apt,Manhattan,Lower East Side,40.71885,-73.98795,Private room,85,4,30,,POINT (-73.98795 40.71885)
841484,cozy charming apt - Lower East Side,Manhattan,Lower East Side,40.7207,-73.98713,Entire home/apt,155,30,30,,POINT (-73.98713 40.7207)
842167,1 BDR in Heart of Lower East side,Manhattan,Chinatown,40.71682,-73.99222,Entire home/apt,150,30,30,,POINT (-73.99222 40.71682)
848071,1 BEDROOM APT -  Lower East Side,Manhattan,Chinatown,40.71738,-73.99231,Entire home/apt,90,3,30,100.0,POINT (-73.99231 40.71738)
1291245,ENORMOUS Artsy 2BR in trendy LES!,Manhattan,Chinatown,40.71464,-73.99045,Entire home/apt,405,30,30,,POINT (-73.99045 40.71464)
1480002,Huge rm in 1500sq ft loft w/lots,Manhattan,Lower East Side,40.7202,-73.99162,Private room,125,30,30,125.0,POINT (-73.99162 40.7202)
1398234,Elegant SOHO One Bedroom,Manhattan,Lower East Side,40.7225,-73.99287,Entire home/apt,217,30,30,217.0,POINT (-73.99287 40.7225)
1961361,Private Master BR in 3 BR Apt,Manhattan,Lower East Side,40.71454,-73.98647,Private room,102,30,30,,POINT (-73.98647 40.71454)
2084817,Huge Bedroom at Downtown Manhattan,Manhattan,Lower East Side,40.71023,-73.98723,Private room,128,30,30,,POINT (-73.98723 40.71023)
1932110,Manhattan/ LES Short term Stay,Manhattan,Lower East Side,40.72241,-73.99119,Private room,175,30,30,175.0,POINT (-73.99119 40.72241)
2208545,Spacious 1 Bedroom in Lower East Side/Chinatown,Manhattan,Chinatown,40.71575,-73.99401,Entire home/apt,140,21,30,,POINT (-73.99401 40.71575)
2243548,Outdoor Oasis! Live/work 1600sf w. Private Terrace,Manhattan,Lower East Side,40.72073,-73.99019,Entire home/apt,311,7,30,215.0,POINT (-73.99019 40.72073)
2310008,CLEAN LES HOME,Manhattan,Chinatown,40.71627,-73.99435,Private room,75,30,30,,POINT (-73.99435 40.71627)
2339096,Cozy bedroom in Lower East Side,Manhattan,Lower East Side,40.71525,-73.98929,Private room,71,30,30,71.0,POINT (-73.98929 40.71525)
2517989,1BR on Quiet Block in Nolita,Manhattan,Lower East Side,40.72086,-73.99354,Entire home/apt,225,2,30,,POINT (-73.99354 40.72086)
2392814,Room in Huge 3 Bedroom  L.E.S,Manhattan,Lower East Side,40.7202,-73.98569,Private room,75,30,30,,POINT (-73.98569 40.7202)
2461439,Pristine Lower East Side Sanctuary,Manhattan,Lower East Side,40.72074,-73.98944,Entire home/apt,141,28,30,122.0,POINT (-73.98944 40.72074)
2856036,"Modern Loft, Large Private Terrace.",Manhattan,Lower East Side,40.71478,-73.9883,Entire home/apt,185,30,30,,POINT (-73.9883 40.71478)
2784311,"A Private Room  1 in a 2 Bedroom East Village, NYC",Manhattan,Lower East Side,40.72043,-73.98155,Private room,150,5,30,,POINT (-73.98155 40.72043)
2793740,East Village loft; authentic NY.,Manhattan,Lower East Side,40.72078,-73.98276,Private room,275,30,30,,POINT (-73.98276 40.72078)
3111416,Charming and Artsy LES 1-Bedroom,Manhattan,Lower East Side,40.71776261937139,-73.98352808786075,Entire home/apt,112,60,60,101.0,POINT (-73.98352808786075 40.71776261937139)
3120723,Charming Private Studio in LES,Manhattan,Lower East Side,40.72186,-73.98569,Entire home/apt,160,30,30,,POINT (-73.98569 40.72186)
2940007,Charming one bedroom in the LES,Manhattan,Lower East Side,40.71675,-73.98474,Entire home/apt,135,30,30,165.0,POINT (-73.98474 40.71675)
2978421,Hip Chinatown Apt in Great Location,Manhattan,Lower East Side,40.7148,-73.98887,Entire home/apt,125,30,30,,POINT (-73.98887 40.7148)
3288496,Entire Cozy One Bed #Manhattan #LES,Manhattan,Lower East Side,40.71989,-73.98954,Entire home/apt,89,30,30,,POINT (-73.98954 40.71989)
3208904,Chic Designer’s Room & 2 Beds in Manhattan LES,Manhattan,Lower East Side,40.71478,-73.98548,Private room,91,2,30,91.0,POINT (-73.98548 40.71478)
3215486,Large sunny private room downtown,Manhattan,Lower East Side,40.72093,-73.98868,Private room,68,30,30,,POINT (-73.98868 40.72093)
3220725,Orchard St,Manhattan,Lower East Side,40.71813,-73.99063,Entire home/apt,200,30,30,,POINT (-73.99063 40.71813)
3323189,2000 sq ft Photographers loft,Manhattan,Chinatown,40.71641,-73.99256,Entire home/apt,635,4,30,606.0,POINT (-73.99256 40.71641)
3585974,1BD in Lower East Side,Manhattan,Lower East Side,40.72205,-73.98838,Entire home/apt,120,30,30,,POINT (-73.98838 40.72205)
3362302,TRENDY LOWER EAST SIDE STUDIO,Manhattan,Lower East Side,40.71841,-73.98596,Entire home/apt,125,30,30,,POINT (-73.98596 40.71841)
3457770,Cute 1 BR in the Lower East Side,Manhattan,Lower East Side,40.7212,-73.98893,Entire home/apt,110,30,30,,POINT (-73.98893 40.7212)
3386829,Perfect Bowery Getaway w/Balcony,Manhattan,Lower East Side,40.72088,-73.99366,Entire home/apt,205,30,30,,POINT (-73.99366 40.72088)
3739126,Beautiful Private Bedroom in Soho,Manhattan,Lower East Side,40.72313,-73.99291,Private room,92,30,30,,POINT (-73.99291 40.72313)
3534443,Lower East Side Studio- Great Location!,Manhattan,Lower East Side,40.71777,-73.98401,Entire home/apt,75,30,30,,POINT (-73.98401 40.71777)
3539882,Renovated Studio - LES,Manhattan,Lower East Side,40.71947,-73.98819,Entire home/apt,125,30,30,,POINT (-73.98819 40.71947)
3868100,Heart of LES + Patio,Manhattan,Lower East Side,40.71974,-73.98924,Entire home/apt,225,30,30,,POINT (-73.98924 40.71974)
4016142,Big Bedroom in Sunny & New Lower East Side Apt,Manhattan,Lower East Side,40.7187,-73.98578,Private room,170,5,5,225.0,POINT (-73.98578 40.7187)
4028670,Luxury 1 Bedroom Sublet,Manhattan,Lower East Side,40.72102,-73.98622,Entire home/apt,120,30,30,,POINT (-73.98622 40.72102)
3841048,"2BR, Heart of Lower East Side",Manhattan,Lower East Side,40.72014,-73.98601,Entire home/apt,150,30,30,,POINT (-73.98601 40.72014)
3913635,Sunny Central Location!,Manhattan,Chinatown,40.71654,-73.99109,Entire home/apt,130,30,30,,POINT (-73.99109 40.71654)
3928241,1 Bedroom in the Lower East Side,Manhattan,Lower East Side,40.71957,-73.9863,Entire home/apt,140,70,70,,POINT (-73.9863 40.71957)
4044625,LES Studio with Large Patio,Manhattan,Chinatown,40.71472,-73.99123,Entire home/apt,300,30,30,,POINT (-73.99123 40.71472)
4181102,Massive bedroom in Trendy Chinatown,Manhattan,Chinatown,40.71538,-73.9908,Private room,100,30,30,,POINT (-73.9908 40.71538)
4440751,Entire Amazing Chic Studio @ Lower East,Manhattan,Lower East Side,40.72251,-73.98911,Entire home/apt,99,30,30,,POINT (-73.98911 40.72251)
4462491,Beautiful Loft in LES Manhattan!,Manhattan,Lower East Side,40.71278,-73.98073,Entire home/apt,175,30,30,,POINT (-73.98073 40.71278)
4385360,Massive 1BR in the Lower East Side,Manhattan,Lower East Side,40.71801,-73.99099,Entire home/apt,275,30,30,,POINT (-73.99099 40.71801)
4480308,"Charming, Sunny Downtown Studio",Manhattan,Lower East Side,40.71874,-73.99164,Entire home/apt,200,30,30,,POINT (-73.99164 40.71874)
4671712,Spacious luxury loft Downtown NYC,Manhattan,Lower East Side,40.71373,-73.98849,Entire home/apt,100,30,30,,POINT (-73.98849 40.71373)
4747624,3 Bedrooms Entire Apartment in Downtown Manhattan,Manhattan,Chinatown,40.71301,-73.99454,Entire home/apt,400,30,30,420.0,POINT (-73.99454 40.71301)
4643295,Great one bedroom loft space in Manhattan,Manhattan,Chinatown,40.71389,-73.99641,Entire home/apt,140,30,30,,POINT (-73.99641 40.71389)
4782243,Charming LES studio w/ BBQ patio,Manhattan,Lower East Side,40.71969,-73.99118,Entire home/apt,180,30,30,,POINT (-73.99118 40.71969)
4840841,"Quiet, Modern Gem in LES w balcony!",Manhattan,Lower East Side,40.7202,-73.98667,Entire home/apt,200,30,30,,POINT (-73.98667 40.7202)
4840977,Spacious Chinatown/LES 2 Bedroom,Manhattan,Chinatown,40.71626,-73.9913,Entire home/apt,300,30,30,,POINT (-73.9913 40.71626)
4873699,"Classic Tenement 1BR, Center of LES",Manhattan,Chinatown,40.71633,-73.99133,Entire home/apt,140,30,30,,POINT (-73.99133 40.71633)
4936254,big bright unique artist's apartment in Manhattan,Manhattan,Lower East Side,40.7191,-73.9834,Entire home/apt,236,1,1,350.0,POINT (-73.9834 40.7191)
4880277,Large 1 Bedroom Artist Loft in the Lower East Side,Manhattan,Lower East Side,40.72128,-73.98529,Entire home/apt,300,5,30,,POINT (-73.98529 40.72128)
4976848,Private Room in the Lower East Side,Manhattan,Lower East Side,40.71905,-73.98792,Private room,89,1,30,89.0,POINT (-73.98792 40.71905)
4977744,Lower East Side Gem,Manhattan,Lower East Side,40.72061,-73.98775,Entire home/apt,200,30,30,,POINT (-73.98775 40.72061)
5040653,"Spacious Room on Broome St, LES",Manhattan,Lower East Side,40.71785,-73.99019,Private room,99,3,30,,POINT (-73.99019 40.71785)
6028165,BOHEMIAN CHIC* 1BR* OURDOOR AREA,Manhattan,Lower East Side,40.71897,-73.9921,Entire home/apt,125,30,30,,POINT (-73.9921 40.71897)
5718494,Spacious studio between NoLiTa and LES,Manhattan,Lower East Side,40.72038,-73.99154,Entire home/apt,150,30,30,,POINT (-73.99154 40.72038)
6094708,"Lower East Side, Private 1BD+ for2",Manhattan,Lower East Side,40.71712,-73.98532,Entire home/apt,85,30,30,,POINT (-73.98532 40.71712)
6180741,2BR  Lower East Side,Manhattan,Lower East Side,40.71393,-73.98868,Entire home/apt,210,30,30,,POINT (-73.98868 40.71393)
6114353,"Ideal ""Hotel Style"" Bedroom in LES",Manhattan,Lower East Side,40.72026,-73.98774,Private room,65,30,30,,POINT (-73.98774 40.72026)
6385364,Front bdrm in massive NoLita Loft,Manhattan,Lower East Side,40.72035,-73.99289,Private room,100,1,30,,POINT (-73.99289 40.72035)
6333994,Two Bedroom in a townhouse with a patio in Nolita!,Manhattan,Lower East Side,40.71969,-73.99404,Entire home/apt,343,4,30,403.0,POINT (-73.99404 40.71969)
6225766,Large condo with stunning park views,Manhattan,Lower East Side,40.71952,-73.99141,Entire home/apt,301,30,30,,POINT (-73.99141 40.71952)
6407534,"Sunny, renovated apartment close to everything!",Manhattan,Lower East Side,40.72129,-73.98923,Private room,189,5,30,200.0,POINT (-73.98923 40.72129)
6410814,Spacious Studio + Patio,Manhattan,Lower East Side,40.71891,-73.99222,Entire home/apt,185,30,30,,POINT (-73.99222 40.71891)
6421335,Cozy room near LES/Chinatown,Manhattan,Chinatown,40.71646,-73.99239,Private room,80,30,30,,POINT (-73.99239 40.71646)
6371593,Fantastic Apt. Amazing LES Location,Manhattan,Lower East Side,40.7185,-73.9934,Entire home/apt,254,30,30,,POINT (-73.9934 40.7185)
6447797,L.E.S. / Chinatown,Manhattan,Chinatown,40.71776,-73.99407,Private room,89,30,30,,POINT (-73.99407 40.71776)
6555997,"Sunny, Clean & Spacious in the LES",Manhattan,Lower East Side,40.719,-73.99451,Entire home/apt,150,30,30,,POINT (-73.99451 40.719)
6687933,"Clean, Trendy, Private Room in LES",Manhattan,Lower East Side,40.71748,-73.98364,Private room,60,30,30,,POINT (-73.98364 40.71748)
6586663,Studio in the LES,Manhattan,Lower East Side,40.7205,-73.98869,Entire home/apt,140,4,30,80.0,POINT (-73.98869 40.7205)
6882689,Cool centrally located LES apt.,Manhattan,Lower East Side,40.71945,-73.98688,Entire home/apt,198,30,30,,POINT (-73.98688 40.71945)
6833395,Massive 2000 sq ft loft with stunning 360 views,Manhattan,Lower East Side,40.71396,-73.98924,Entire home/apt,1200,4,31,1200.0,POINT (-73.98924 40.71396)
6835487,"Cozy one bdrm apt, Lower East Side",Manhattan,Lower East Side,40.7195,-73.98337,Entire home/apt,215,30,30,,POINT (-73.98337 40.7195)
6837529,1 BR available in lovely LES unit,Manhattan,Lower East Side,40.72072,-73.98589,Private room,135,30,30,,POINT (-73.98589 40.72072)
6853661,"Clean, Spacious LES 1 Bdrm",Manhattan,Lower East Side,40.71937,-73.9864,Entire home/apt,250,30,30,,POINT (-73.9864 40.71937)
7032396,Large 1Br Apt + Balcony in LES!,Manhattan,Lower East Side,40.71922,-73.98316,Entire home/apt,240,30,30,,POINT (-73.98316 40.71922)
6956358,Spacious & happy gem in LES!,Manhattan,Lower East Side,40.72146,-73.98949,Private room,100,30,30,,POINT (-73.98949 40.72146)
7257311,Cozy Walk-up Apt in the Historic East village,Manhattan,Chinatown,40.71455,-73.99083,Private room,69,30,30,,POINT (-73.99083 40.71455)
7387862,Cozy bedroom in E. Village in July,Manhattan,Lower East Side,40.72309,-73.98926,Private room,150,30,30,,POINT (-73.98926 40.72309)
7197915,The Heart of the Lower East Side!,Manhattan,Lower East Side,40.72064,-73.98689,Entire home/apt,209,30,30,,POINT (-73.98689 40.72064)
7396662,Chateau Ludlow,Manhattan,Lower East Side,40.71574,-73.98962,Private room,120,30,30,,POINT (-73.98962 40.71574)
7319791,Cozy  room at trendy Lower east side,Manhattan,Chinatown,40.7175,-73.99177,Private room,113,4,30,,POINT (-73.99177 40.7175)
7331835,Bright Studio heart of LES,Manhattan,Lower East Side,40.71986,-73.98552,Entire home/apt,139,30,30,,POINT (-73.98552 40.71986)
7651418,Cute 1 Bed Apt in Lower East Side,Manhattan,Lower East Side,40.71755,-73.99097,Entire home/apt,150,5,30,,POINT (-73.99097 40.71755)
7679691,Nice bedroom - Lower East Side,Manhattan,Lower East Side,40.72014,-73.98498,Private room,80,30,30,,POINT (-73.98498 40.72014)
7911249,Huge Room in Lower East Side Loft,Manhattan,Lower East Side,40.72076,-73.98602,Private room,80,4,30,,POINT (-73.98602 40.72076)
7826411,Private room in trendy LES,Manhattan,Lower East Side,40.72184,-73.9868,Private room,80,30,30,,POINT (-73.9868 40.72184)
8011605,"Sunny, Clean, Safe, Zen!",Manhattan,Chinatown,40.71817,-73.99431,Private room,72,4,30,72.0,POINT (-73.99431 40.71817)
7922002,Studio in heart of LES (Manhattan),Manhattan,Lower East Side,40.72131,-73.98541,Entire home/apt,100,30,30,,POINT (-73.98541 40.72131)
8016747,Modern Manhattan Oasis,Manhattan,Lower East Side,40.72147,-73.9852,Entire home/apt,109,30,30,,POINT (-73.9852 40.72147)
7933896,Huge Lower East Side 1 bedroom,Manhattan,Chinatown,40.71336,-73.99398,Entire home/apt,130,30,30,,POINT (-73.99398 40.71336)
8151925,Modern Studio in Cultural LES,Manhattan,Chinatown,40.71671,-73.99263,Entire home/apt,142,3,30,,POINT (-73.99263 40.71671)
8152985,Private BR in 3 BR Apt,Manhattan,Lower East Side,40.71326,-73.9842,Private room,89,30,30,,POINT (-73.9842 40.71326)
8153240,Cozy 3 Bedroom Apartment - LES,Manhattan,Lower East Side,40.71495,-73.98594,Entire home/apt,250,30,30,,POINT (-73.98594 40.71495)
8162214,"Large Room, Full Bed, Trendy LES",Manhattan,Lower East Side,40.71296,-73.98514,Private room,90,30,30,,POINT (-73.98514 40.71296)
8286139,Private BR in 3 BR Apartment,Manhattan,Lower East Side,40.71466,-73.98501,Private room,89,30,30,,POINT (-73.98501 40.71466)
8416681,Massive Apartment in the LES! Amazing rooftop too!,Manhattan,Lower East Side,40.71979,-73.9861,Private room,81,30,30,,POINT (-73.9861 40.71979)
8440352,Private bedroom in great LES spot,Manhattan,Lower East Side,40.71329,-73.9862,Private room,65,30,30,60.0,POINT (-73.9862 40.71329)
8335547,W Hotel Style 2 BR w/ Private Patio,Manhattan,Lower East Side,40.72291,-73.98996,Entire home/apt,250,30,30,,POINT (-73.98996 40.72291)
8498885,2 Full Size Beds Lower East Side,Manhattan,Lower East Side,40.71506,-73.98702,Entire home/apt,200,30,30,,POINT (-73.98702 40.71506)
8505892,"Bright, Spacious, Art Filled Apt",Manhattan,Lower East Side,40.72027,-73.98565,Entire home/apt,275,30,30,,POINT (-73.98565 40.72027)
8511404,"Big bed, cosy room, groovy LES apt!",Manhattan,Lower East Side,40.71414,-73.98997,Private room,110,30,30,110.0,POINT (-73.98997 40.71414)
8829421,2 Bed/ 2 Bath in Heart of SOHO/ LES,Manhattan,Lower East Side,40.72159,-73.99234,Entire home/apt,699,30,30,,POINT (-73.99234 40.72159)
8720923,Sunny and Spacious Private Bedroom,Manhattan,Lower East Side,40.7208,-73.9841,Private room,95,4,30,,POINT (-73.9841 40.7208)
8994423,1 bedroom on lower east side,Manhattan,Lower East Side,40.71483,-73.98244,Entire home/apt,170,30,30,,POINT (-73.98244 40.71483)
8762969,Charming room Chinatown Manhattan,Manhattan,Chinatown,40.71319,-73.99265,Private room,100,30,30,,POINT (-73.99265 40.71319)
8920794,Charming Lower-East Side apartment,Manhattan,Lower East Side,40.72189,-73.99187,Entire home/apt,139,30,30,,POINT (-73.99187 40.72189)
9066389,Cozy 2 bedroom in heart of LES,Manhattan,Lower East Side,40.72012,-73.9907,Entire home/apt,190,30,30,,POINT (-73.9907 40.72012)
9282443,"HUGE Artist's 1 bedroom LOFT, Lower East Side.",Manhattan,Lower East Side,40.71842,-73.98252,Entire home/apt,230,30,30,,POINT (-73.98252 40.71842)
9370538,Charming 1 bedroom apt ...,Manhattan,Lower East Side,40.71582,-73.98862,Entire home/apt,250,30,30,,POINT (-73.98862 40.71582)
9301755,Amazing Loft on the Lower East Side,Manhattan,Lower East Side,40.71456,-73.9801,Entire home/apt,200,30,30,,POINT (-73.9801 40.71456)
9309192,Large 1BR in Heart of LES,Manhattan,Lower East Side,40.71691,-73.98378,Entire home/apt,254,30,30,,POINT (-73.98378 40.71691)
9325979,Gorgeous Huge Loft in the LES/Chinatown!,Manhattan,Chinatown,40.71393,-73.99519,Entire home/apt,206,4,30,246.0,POINT (-73.99519 40.71393)
9330884,"Downtown Manhattan, 2 Bedroom",Manhattan,Lower East Side,40.72182,-73.98947,Entire home/apt,200,30,30,,POINT (-73.98947 40.72182)
9343313,Charming Bdrm Mins from Lively LES,Manhattan,Lower East Side,40.7134,-73.98258,Private room,94,30,30,,POINT (-73.98258 40.7134)
9343350,Charming 2 bd 1 br Apartment in LES,Manhattan,Lower East Side,40.7143,-73.98312,Entire home/apt,220,30,30,,POINT (-73.98312 40.7143)
9479084,Cosy studio / newly renovated,Manhattan,Chinatown,40.71333,-73.99513,Entire home/apt,175,30,30,,POINT (-73.99513 40.71333)
9692090,LES Private Bedroom,Manhattan,Lower East Side,40.71954,-73.99067,Private room,58,30,30,,POINT (-73.99067 40.71954)
9707531,Bright & Clean 1bed apt *PRIME* LES,Manhattan,Lower East Side,40.7189,-73.98543,Entire home/apt,160,30,30,,POINT (-73.98543 40.7189)
9528920,"Quiet, Clean, Lit @ LES & Chinatown",Manhattan,Lower East Side,40.71302,-73.98573,Private room,7314,99,99,,POINT (-73.98573 40.71302)
9730784,Private Space in Lower East Side,Manhattan,Lower East Side,40.72209,-73.98742,Private room,140,30,30,,POINT (-73.98742 40.72209)
9907257,"1 Bdr. Lower East Side, NY, 2 beds",Manhattan,Lower East Side,40.71966,-73.98362,Entire home/apt,175,30,30,,POINT (-73.98362 40.71966)
9778579,LES sweet bedroom (Female only),Manhattan,Lower East Side,40.71504,-73.98879,Private room,45,30,30,,POINT (-73.98879 40.71504)
9920626,Gorgeous 2BD LES Apartment,Manhattan,Chinatown,40.71327,-73.99201,Entire home/apt,180,30,30,,POINT (-73.99201 40.71327)
9855876,Large Room in LES ($80-100/night),Manhattan,Lower East Side,40.72005,-73.98915,Private room,70,30,30,,POINT (-73.98915 40.72005)
9925760,300sqft Bedroom in LES Duplex,Manhattan,Lower East Side,40.7202,-73.98284,Private room,120,30,30,,POINT (-73.98284 40.7202)
9935509,Bright Bedroom in Lower East Side,Manhattan,Lower East Side,40.72089,-73.9862,Private room,80,5,30,,POINT (-73.9862 40.72089)
9796737,Private Room in lower east side NYC,Manhattan,Lower East Side,40.7133,-73.98645,Private room,70,30,30,,POINT (-73.98645 40.7133)
9865262,Sunny 3 bedroom LES apartment,Manhattan,Lower East Side,40.72147,-73.98991,Entire home/apt,300,30,30,,POINT (-73.98991 40.72147)
9872904,Room in lovely LES apartment,Manhattan,Lower East Side,40.72168,-73.99183,Private room,55,30,30,,POINT (-73.99183 40.72168)
9819018,A cozy room in Lower East Manhattan,Manhattan,Lower East Side,40.71219,-73.98828,Private room,45,30,30,,POINT (-73.98828 40.71219)
9944860,arty east village,Manhattan,Lower East Side,40.71957,-73.98639,Entire home/apt,120,30,30,139.0,POINT (-73.98639 40.71957)
9995513,Private Room Avail in 3BR LES Apt,Manhattan,Lower East Side,40.71858,-73.98613,Private room,70,30,30,,POINT (-73.98613 40.71858)
10013750,Beautiful Garden Rooms In Lower East Side,Manhattan,Lower East Side,40.7183,-73.99173,Private room,110,2,30,98.0,POINT (-73.99173 40.7183)
10031436,Spacious Sunny room in East Village,Manhattan,Lower East Side,40.71689,-73.98321,Private room,90,30,30,,POINT (-73.98321 40.71689)
10186876,"Lovely LES 1BR, W/D & Elevator: DEC. SUBLET PREFR.",Manhattan,Chinatown,40.71626,-73.99045,Private room,85,30,30,,POINT (-73.99045 40.71626)
10228901,Sunny private room on LowerEastSide,Manhattan,Lower East Side,40.71334,-73.98575,Private room,40,30,30,,POINT (-73.98575 40.71334)
10115193,Double bedroom downtown,Manhattan,Lower East Side,40.71886,-73.98881,Private room,125,30,30,,POINT (-73.98881 40.71886)
10120414,The LES Apartment,Manhattan,Lower East Side,40.72183,-73.98743,Entire home/apt,150,30,30,,POINT (-73.98743 40.72183)
10133534,Artsy/Neat 1 Bedroom Apartment in the heart of LES,Manhattan,Lower East Side,40.7178,-73.98504,Shared room,150,30,30,,POINT (-73.98504 40.7178)
10134285,"Cute bedroom in Chinatown,",Manhattan,Chinatown,40.71615,-73.99539,Private room,99,30,30,,POINT (-73.99539 40.71615)
10156290,"Sunny, 4th floor elevator building",Manhattan,Lower East Side,40.71891,-73.98914,Entire home/apt,160,30,30,,POINT (-73.98914 40.71891)
10414065,Large Private Minimalist Loft Room,Manhattan,Chinatown,40.71419,-73.99114,Private room,100,30,30,,POINT (-73.99114 40.71419)
10575777,One Bedroom w/Huge Window & Ceiling,Manhattan,Chinatown,40.71504,-73.99146,Private room,110,30,30,,POINT (-73.99146 40.71504)
10788568,Houston St. 1 BDRM East Village/LES,Manhattan,Lower East Side,40.72245,-73.98949,Entire home/apt,149,30,30,,POINT (-73.98949 40.72245)
11157167,Cozy Chinatown studio apartment,Manhattan,Chinatown,40.71303,-73.99641,Entire home/apt,100,30,30,,POINT (-73.99641 40.71303)
10941762,New Museum 2 BR Loft,Manhattan,Lower East Side,40.72271,-73.99262,Entire home/apt,395,30,30,395.0,POINT (-73.99262 40.72271)
11381288,Lower East Side Living,Manhattan,Lower East Side,40.72114,-73.98897,Entire home/apt,199,30,30,,POINT (-73.98897 40.72114)
11279820,Newly Renovated 2 Bedroom in Soho!,Manhattan,Lower East Side,40.72224,-73.99192,Entire home/apt,170,30,30,,POINT (-73.99192 40.72224)
11544438,Clean Room in Prime Hip LES,Manhattan,Lower East Side,40.71724,-73.98877,Private room,65,30,30,,POINT (-73.98877 40.71724)
11650863,Cozy Lower East Side/EV Home,Manhattan,Lower East Side,40.72115,-73.98345,Entire home/apt,140,1,30,,POINT (-73.98345 40.72115)
11677489,1 BR APT LOWER EAST SIDE,Manhattan,Chinatown,40.71536,-73.99074,Entire home/apt,100,3,30,,POINT (-73.99074 40.71536)
11840057,BedRoom in lower East Side,Manhattan,Lower East Side,40.72049,-73.98821,Private room,106,30,30,,POINT (-73.98821 40.72049)
12095161,"Sunny, clean, classic NYC apartment",Manhattan,Chinatown,40.7137,-73.99638,Private room,90,30,30,,POINT (-73.99638 40.7137)
12133132,Perfect Location in New York City,Manhattan,Lower East Side,40.71251,-73.9889,Private room,60,30,30,,POINT (-73.9889 40.71251)
12202511,Cozy & Charming Chinatown/LES Spot!,Manhattan,Chinatown,40.71546,-73.99381,Entire home/apt,120,30,30,,POINT (-73.99381 40.71546)
12360660,Large Furnished room in New two bedroom apt.,Manhattan,Chinatown,40.71638,-73.99326,Private room,93,30,30,120.0,POINT (-73.99326 40.71638)
12387018,Modern 1BR in Downtown Manhattan,Manhattan,Lower East Side,40.71797,-73.98717,Entire home/apt,120,30,30,,POINT (-73.98717 40.71797)
12387215,Private Room with 1/2 Bath in LES!,Manhattan,Lower East Side,40.71279,-73.98812,Private room,125,30,30,,POINT (-73.98812 40.71279)
12465732,Sunny Room in NYC,Manhattan,Chinatown,40.71317,-73.9957,Private room,70,30,30,,POINT (-73.9957 40.71317)
12917057,Lower East Side Apartment,Manhattan,Lower East Side,40.72087,-73.98586,Entire home/apt,140,30,30,,POINT (-73.98586 40.72087)
13000020,Sunny 1-bedroom apartment in the LES,Manhattan,Lower East Side,40.72085,-73.98204,Entire home/apt,100,3,30,,POINT (-73.98204 40.72085)
13000527,Studio47 - bedroom in artists' loft,Manhattan,Two Bridges,40.71097,-73.99346,Private room,100,30,30,,POINT (-73.99346 40.71097)
13075158,Private Room in Artsy Lower Manhattan Apartment,Manhattan,Chinatown,40.71328,-73.996,Private room,59,30,30,165.0,POINT (-73.996 40.71328)
13396969,"1 Bedroom apartment, heart of LES",Manhattan,Chinatown,40.71472,-73.9911,Entire home/apt,105,14,30,,POINT (-73.9911 40.71472)
13328254,"Simple, Spacious Room in LES/Two Bridges Apt",Manhattan,Lower East Side,40.71284,-73.98783,Private room,150,30,30,,POINT (-73.98783 40.71284)
13398837,Master Bedroom next to cute park on the LES,Manhattan,Lower East Side,40.72172,-73.99203,Private room,63,30,30,,POINT (-73.99203 40.72172)
13496448,Sunny apartment in Lower East Side (LES),Manhattan,Lower East Side,40.71922,-73.98326,Private room,75,2,30,,POINT (-73.98326 40.71922)
13422992,Gorgeous Lower East Side Walk Up & Roof,Manhattan,Lower East Side,40.72299,-73.98917,Private room,175,30,30,,POINT (-73.98917 40.72299)
13432549,Private Bedroom&Bathroom in large Chinatown duplex,Manhattan,Two Bridges,40.71177,-73.99509,Private room,100,30,30,,POINT (-73.99509 40.71177)
13532767,Sunny LES Apt W/ Luxury Bed A/C Views WIFI & More,Manhattan,Lower East Side,40.71564,-73.9855,Private room,40,30,30,,POINT (-73.9855 40.71564)
13643488,Single Room Available in LES for May,Manhattan,Lower East Side,40.71364,-73.98446,Private room,72,30,30,,POINT (-73.98446 40.71364)
13745898,Your own sunny apartment,Manhattan,Two Bridges,40.71084,-73.99514,Entire home/apt,100,30,30,,POINT (-73.99514 40.71084)
14522175,Bohemian Home in Trendy LES! #10250,Manhattan,Lower East Side,40.71954,-73.98761,Entire home/apt,175,30,30,,POINT (-73.98761 40.71954)
14548280,Comfy 1 bedroom in spacious lower east side apt,Manhattan,Lower East Side,40.72207,-73.988,Private room,84,30,30,,POINT (-73.988 40.72207)
14555269,Spacious bedroom in LES,Manhattan,Lower East Side,40.71858,-73.9822,Private room,95,30,30,,POINT (-73.9822 40.71858)
14599247,Central and Modern Lower East Side Studio,Manhattan,Lower East Side,40.71987,-73.98489,Entire home/apt,215,30,30,,POINT (-73.98489 40.71987)
14453189,1BR Apartment,Manhattan,Chinatown,40.71602,-73.99075,Entire home/apt,140,30,30,,POINT (-73.99075 40.71602)
14467602,2500 Square Foot Artist Flat,Manhattan,Two Bridges,40.71284,-73.99425,Private room,130,120,120,130.0,POINT (-73.99425 40.71284)
14858190,Brand New Luxury Apartment with Breathtaking Views,Manhattan,Lower East Side,40.71955,-73.97986,Entire home/apt,165,30,30,,POINT (-73.97986 40.71955)
15728780,"A unique, light filled artists loft",Manhattan,Lower East Side,40.72081,-73.9898,Entire home/apt,300,30,30,222.0,POINT (-73.9898 40.72081)
15815905,Hà ‘s Cottage,Manhattan,Lower East Side,40.71249,-73.98664,Entire home/apt,180,30,30,160.0,POINT (-73.98664 40.71249)
16271281,"Peaceful, cozy studio in Chinatown",Manhattan,Lower East Side,40.71838,-73.99227,Entire home/apt,90,30,30,,POINT (-73.99227 40.71838)
16283830,1BR Lower East Side GEM In New Elevator Building!,Manhattan,Lower East Side,40.72055,-73.99213,Entire home/apt,139,4,30,,POINT (-73.99213 40.72055)
16402623,"Cozy apartment in the Lower East Side, NYC!",Manhattan,Lower East Side,40.7191,-73.98537,Entire home/apt,115,30,30,,POINT (-73.98537 40.7191)
16229170,big loft apartement in the Lower East Side,Manhattan,Lower East Side,40.71415,-73.98999,Entire home/apt,250,1,30,160.0,POINT (-73.98999 40.71415)
16308886,SUNNY 2BD W. ELEVATOR / PERFECT 4 SMALL FAMILY,Manhattan,Lower East Side,40.71358,-73.98982,Entire home/apt,151,30,30,,POINT (-73.98982 40.71358)
16310817,Bedroom on Quiet Block on the Lower East Side,Manhattan,Lower East Side,40.72148,-73.9918,Private room,75,30,30,,POINT (-73.9918 40.72148)
16426559,Beautiful room in the heart of the Lower East Side,Manhattan,Lower East Side,40.71833,-73.98558,Private room,100,30,30,,POINT (-73.98558 40.71833)
16456957,Beautiful artistic  loft in Manhattan,Manhattan,Lower East Side,40.71275,-73.99112,Entire home/apt,111,30,30,,POINT (-73.99112 40.71275)
16325588,Chic & Cosy Lower East Side Apartment,Manhattan,Lower East Side,40.71895,-73.99083,Private room,130,30,30,,POINT (-73.99083 40.71895)
16829324,✪ Downtown Comfort & Quiet ✪ Fast Wifi  ✪,Manhattan,Lower East Side,40.72296,-73.99084,Entire home/apt,263,3,30,275.0,POINT (-73.99084 40.72296)
16686651,Two Charming Bedrooms in the Lower East Side,Manhattan,Lower East Side,40.72036,-73.99038,Private room,100,30,30,,POINT (-73.99038 40.72036)
16897571,Cosy LES/Chinatown private room,Manhattan,Lower East Side,40.72094,-73.99221,Private room,92,30,30,,POINT (-73.99221 40.72094)
16749235,Adorable Lower East Side room with Patio,Manhattan,Lower East Side,40.71742,-73.99137,Private room,100,30,30,,POINT (-73.99137 40.71742)
17900193,"Spacious, newly renovated LES 1-bedroom apt!",Manhattan,Lower East Side,40.72192,-73.98941,Entire home/apt,150,30,30,,POINT (-73.98941 40.72192)
17766580,Sunny 1 bedroom in Nolita,Manhattan,Lower East Side,40.71978,-73.99395,Entire home/apt,130,30,30,,POINT (-73.99395 40.71978)
18039329,Sunny LES 1 bedroom w Roof Deck,Manhattan,Lower East Side,40.72172,-73.98514,Entire home/apt,150,30,30,,POINT (-73.98514 40.72172)
18043457,Spacious Private Room in Nolita,Manhattan,Lower East Side,40.71864,-73.99437,Private room,90,30,30,,POINT (-73.99437 40.71864)
18793151,"Cozy Home, Great Location",Manhattan,Lower East Side,40.72292,-73.98879,Entire home/apt,130,30,30,,POINT (-73.98879 40.72292)
19196146,Lower east side artistic oasis,Manhattan,Lower East Side,40.7218,-73.98569,Private room,100,30,30,,POINT (-73.98569 40.7218)
18992110,Charming Nolita Apartment,Manhattan,Lower East Side,40.71818,-73.99348,Entire home/apt,150,30,30,,POINT (-73.99348 40.71818)
19141391,Unique Cozy Sunny converted Studio/One Bedroom,Manhattan,Lower East Side,40.7199,-73.98982,Entire home/apt,145,30,30,,POINT (-73.98982 40.7199)
19018768,spacious 2 beds in the LES w garden,Manhattan,Lower East Side,40.71417,-73.98898,Entire home/apt,300,2,30,,POINT (-73.98898 40.71417)
19360685,Colorful Nolita flat in doorman building,Manhattan,Lower East Side,40.72023,-73.99389,Entire home/apt,350,6,30,350.0,POINT (-73.99389 40.72023)
19542512,Artistic Room ★5 Sec. to Subway★ Walk to BR Bridge,Manhattan,Lower East Side,40.71271,-73.99104,Private room,70,30,30,,POINT (-73.99104 40.71271)
19544381,Comfortable studio in heart of LES/Chinatown,Manhattan,Lower East Side,40.71834,-73.99021,Entire home/apt,100,2,30,,POINT (-73.99021 40.71834)
19544404,Beautiful 2 Bedroom Lower East Side,Manhattan,Lower East Side,40.72104,-73.98762,Entire home/apt,100,30,30,,POINT (-73.98762 40.72104)
19691179,Sun-filled Lower East Side Guest Room,Manhattan,Lower East Side,40.72099,-73.98476,Private room,95,2,30,,POINT (-73.98476 40.72099)
19555750,Travel Room ★5 Sec. to Subway★ Walk to BR Bridge,Manhattan,Lower East Side,40.71188,-73.98969,Private room,60,30,30,,POINT (-73.98969 40.71188)
19699039,Super Nice and Cool One Bedroom in LES,Manhattan,Lower East Side,40.7198,-73.98669,Entire home/apt,150,12,30,,POINT (-73.98669 40.7198)
19699218,"Clean, Big, Sunny Room in Little Italy/Chinatown!",Manhattan,Two Bridges,40.71268,-73.99689,Private room,116,30,30,,POINT (-73.99689 40.71268)
19412207,Two bridges high end studio manhattan,Manhattan,Two Bridges,40.71091,-73.99451,Entire home/apt,117,30,30,133.0,POINT (-73.99451 40.71091)
19602515,LES East Village Spacious Getaway near NYU Langone,Manhattan,Lower East Side,40.7213,-73.9854,Entire home/apt,88,30,30,,POINT (-73.9854 40.7213)
19606247,Cozy Private Room in Chinatown/ Lower East Side,Manhattan,Chinatown,40.71408,-73.99565,Private room,50,30,30,,POINT (-73.99565 40.71408)
19618401,The LES artist Experience - Spacious Private Room,Manhattan,Lower East Side,40.71095,-73.98672,Private room,120,30,30,120.0,POINT (-73.98672 40.71095)
19475058,Spacious Chinatown Loft,Manhattan,Chinatown,40.71434,-73.99172,Entire home/apt,225,30,30,,POINT (-73.99172 40.71434)
19651861,Antique Romantic apartment chinatown/downtown,Manhattan,Two Bridges,40.71146,-73.99649,Entire home/apt,99,30,30,,POINT (-73.99649 40.71146)
19487781,A place to lay your weary head,Manhattan,Lower East Side,40.71979,-73.97841,Private room,70,30,30,,POINT (-73.97841 40.71979)
19767924,"Entire Apt, Charming 1 bedroom in LES & Chinatown",Manhattan,Chinatown,40.71817979062514,-73.99410482697817,Entire home/apt,203,10,30,199.0,POINT (-73.99410482697817 40.71817979062514)
19785259,Lower East Side - Bare Bones,Manhattan,Lower East Side,40.72078,-73.98823,Entire home/apt,94,1,30,,POINT (-73.98823 40.72078)
19970764,"BRAND NEW MODERN 2BR 1BA,HEART OF LOWER EAST SIDE!",Manhattan,Lower East Side,40.72194,-73.98838,Entire home/apt,268,3,30,499.0,POINT (-73.98838 40.72194)
19876096,One Bedroom: Live in the Lower East Side! #10243,Manhattan,Lower East Side,40.72026,-73.98721,Entire home/apt,197,30,30,248.0,POINT (-73.98721 40.72026)
19891485,Cozy and Charming Private Room in Lower East Side,Manhattan,Lower East Side,40.71872,-73.98174,Private room,74,30,30,,POINT (-73.98174 40.71872)
19908261,Coolest Apartment at Great Location!!,Manhattan,Lower East Side,40.71204,-73.99038,Entire home/apt,320,30,30,,POINT (-73.99038 40.71204)
20035842,"GIRLS ONLY Romantic, antique, & cozy room",Manhattan,Chinatown,40.71348,-73.99649,Private room,41,30,30,,POINT (-73.99649 40.71348)
20285257,Sunny One Bedroom,Manhattan,Chinatown,40.71513,-73.99128,Entire home/apt,170,30,30,,POINT (-73.99128 40.71513)
20287322,Private room in two-bedroom apartment in Chinatown,Manhattan,Two Bridges,40.71166,-73.99606,Private room,70,30,30,,POINT (-73.99606 40.71166)
20527413,"Spacious, 2 Story Suburban Retreat in the LES",Manhattan,Lower East Side,40.71894,-73.98642,Private room,99,30,30,,POINT (-73.98642 40.71894)
20390786,Perfect east village | lower east side anchorage,Manhattan,Lower East Side,40.72069,-73.98649,Private room,80,30,30,,POINT (-73.98649 40.72069)
20623171,"East Village, Private Room",Manhattan,Lower East Side,40.71981,-73.97857,Private room,71,30,30,,POINT (-73.97857 40.71981)
20844601,Ocean Room ★5 Sec. to Subway★ Walk to BR Bridge,Manhattan,Lower East Side,40.7138,-73.99013,Private room,50,30,30,,POINT (-73.99013 40.7138)
20859561,Apartment Next Soho,Manhattan,Lower East Side,40.721,-73.98372,Entire home/apt,110,3,30,110.0,POINT (-73.98372 40.721)
20887028,Cozy 2 bedroom apt in Lower East Side,Manhattan,Chinatown,40.71335,-73.9924,Entire home/apt,161,30,30,,POINT (-73.9924 40.71335)
20900299,Artist space,Manhattan,Chinatown,40.71714,-73.99056,Entire home/apt,140,30,30,,POINT (-73.99056 40.71714)
21397638,Large 1 Bedroom in LES,Manhattan,Lower East Side,40.72038,-73.98956,Entire home/apt,180,30,30,,POINT (-73.98956 40.72038)
21293326,Huge Designer Room | Lower East Side /East Village,Manhattan,Lower East Side,40.7198,-73.9815,Private room,101,3,3,157.0,POINT (-73.9815 40.7198)
21634979,"Walk 2 SoHo,Chinatown ,Little Italy, LES Long term",Manhattan,Lower East Side,40.7141,-73.9828,Entire home/apt,225,30,30,222.0,POINT (-73.9828 40.7141)
21737535,Newly Renovated LES Apartment with Private Balcony,Manhattan,Lower East Side,40.71763,-73.98506,Private room,76,30,30,,POINT (-73.98506 40.71763)
21827355,Big bedroom in CHINATOWN. Reserve before June 26th,Manhattan,Two Bridges,40.71295,-73.9939,Private room,60,30,30,,POINT (-73.9939 40.71295)
21899241,Spacious and bright private bedroom in LES,Manhattan,Lower East Side,40.71254,-73.99012,Private room,108,2,30,,POINT (-73.99012 40.71254)
21920061,Cozy room in Manhattan,Manhattan,Lower East Side,40.72192,-73.99068,Private room,85,30,30,,POINT (-73.99068 40.72192)
21860011,Bright charming 2 bedroom in the heart of the LES,Manhattan,Lower East Side,40.7212,-73.99058,Entire home/apt,190,30,30,,POINT (-73.99058 40.7212)
22080281,Cute and Cozy Apt in Soho,Manhattan,Lower East Side,40.72154,-73.9918,Private room,76,30,30,,POINT (-73.9918 40.72154)
22084321,"Gorgeous, Sunny LES/Chinatown Apartment",Manhattan,Lower East Side,40.71314,-73.99002,Private room,114,30,30,,POINT (-73.99002 40.71314)
22280395,Chinatown Super-host Quarters,Manhattan,Two Bridges,40.71258,-73.99486,Entire home/apt,65,30,30,,POINT (-73.99486 40.71258)
22417648,"Clean, safe & private LES apartment w/ balcony",Manhattan,Two Bridges,40.71098,-73.99557,Private room,155,2,30,,POINT (-73.99557 40.71098)
22846744,Sweet & Sunny Studio in Chinatown!,Manhattan,Chinatown,40.71397,-73.99708,Entire home/apt,150,30,30,,POINT (-73.99708 40.71397)
23437204,Cool Lower East Side 1br Duplex W/ Backyard!,Manhattan,Lower East Side,40.71856,-73.98826,Entire home/apt,150,30,30,,POINT (-73.98826 40.71856)
23292216,Lower East Side Oasis,Manhattan,Lower East Side,40.71953,-73.98284,Entire home/apt,144,30,30,,POINT (-73.98284 40.71953)
23469548,STUDIO - Boho Chic Sanctuary in Lower East Side,Manhattan,Chinatown,40.71518,-73.99094,Entire home/apt,130,30,30,,POINT (-73.99094 40.71518)
23507660,"Just renovated, modern, bright Lower East Side 1BR",Manhattan,Lower East Side,40.72079,-73.99153,Entire home/apt,200,30,30,,POINT (-73.99153 40.72079)
23631288,Lower East Side Oasis  (private room),Manhattan,Lower East Side,40.72029,-73.98354,Private room,156,3,2,175.0,POINT (-73.98354 40.72029)
23714854,Gorgeous Room in Downtown Designer Apartment,Manhattan,Two Bridges,40.71185,-73.99559,Private room,112,30,30,,POINT (-73.99559 40.71185)
24357562,Cozy Apartment- Lower East Side near F/M/J/Z  :),Manhattan,Lower East Side,40.71843,-73.98604,Private room,69,30,30,,POINT (-73.98604 40.71843)
24714137,Heart of Lower East Side,Manhattan,Lower East Side,40.71712,-73.98898,Entire home/apt,120,30,30,,POINT (-73.98898 40.71712)
24736896,Cozy private bedroom downtown,Manhattan,Lower East Side,40.71138,-73.99156,Private room,56,7,30,45.0,POINT (-73.99156 40.71138)
24561322,Lower East Side Summer Rental,Manhattan,Lower East Side,40.71525,-73.98866,Entire home/apt,85,35,35,,POINT (-73.98866 40.71525)
25031182,Comfy bedroom in heart of Lower East Side,Manhattan,Lower East Side,40.71776,-73.99164,Private room,50,30,30,,POINT (-73.99164 40.71776)
25183213,Beautiful Studio Apartment in Lower East Side,Manhattan,Chinatown,40.71675,-73.99039,Entire home/apt,143,30,30,,POINT (-73.99039 40.71675)
25456714,Charming★Central★Clean★Quiet 2BRDuplex☼Balcony★LES,Manhattan,Lower East Side,40.7187,-73.98566,Entire home/apt,150,30,30,130.0,POINT (-73.98566 40.7187)
25838887,"Private bedroom with Private Bath Chinatown, NYC",Manhattan,Two Bridges,40.71269,-73.99513,Private room,135,1,30,135.0,POINT (-73.99513 40.71269)
25838923,"Private Queen bedroom in Chinatown, NYC",Manhattan,Chinatown,40.71488,-73.99535,Private room,116,1,30,155.0,POINT (-73.99535 40.71488)
26489146,A Great Room in Heart of NYC,Manhattan,Lower East Side,40.71924,-73.98992,Private room,82,2,30,89.0,POINT (-73.98992 40.71924)
26494242,Sunny One Bedroom Heart of Lower East Side,Manhattan,Lower East Side,40.71973,-73.98504,Entire home/apt,175,30,30,,POINT (-73.98504 40.71973)
26607493,LES - Lower East Side,Manhattan,Chinatown,40.71408,-73.99203,Private room,55,30,30,,POINT (-73.99203 40.71408)
27192720,Private floor/loft in the heart of Soho/ Nolita,Manhattan,Lower East Side,40.72239,-73.99314,Entire home/apt,281,1,30,350.0,POINT (-73.99314 40.72239)
27023307,"Large, True 1BR - Heart of Nolita/Soho/LittleItaly",Manhattan,Lower East Side,40.72297,-73.99271,Entire home/apt,150,30,30,,POINT (-73.99271 40.72297)
27693532,Light one bedroom apartment in Soho!,Manhattan,Lower East Side,40.72187,-73.99331,Entire home/apt,195,5,30,,POINT (-73.99331 40.72187)
27936288,Cute & Comfy 1 Bed Apartment (Downtown NYC),Manhattan,Two Bridges,40.71198,-73.99656,Entire home/apt,155,30,30,,POINT (-73.99656 40.71198)
28053907,Sunny apartment in historic tenement building,Manhattan,Lower East Side,40.72202,-73.9867,Entire home/apt,175,30,30,,POINT (-73.9867 40.72202)
28431690,"Brand New Luxury Apartment, Tons of Outdoor Space",Manhattan,Lower East Side,40.71774,-73.98931,Entire home/apt,194,30,30,,POINT (-73.98931 40.71774)
28992518,Private 1 Bedroom on Top Floor Apartment Building,Manhattan,Lower East Side,40.72122,-73.98829,Entire home/apt,175,30,30,,POINT (-73.98829 40.72122)
29275537,New Spacious 1BD w/ Private Bathroom Chinatown/LES,Manhattan,Two Bridges,40.71247,-73.99398,Entire home/apt,250,30,30,,POINT (-73.99398 40.71247)
29280869,LES private bedroom in safe apartment building,Manhattan,Lower East Side,40.7183,-73.98903,Private room,70,30,30,,POINT (-73.98903 40.7183)
29686576,Cozy NYC Downtown Apartment,Manhattan,Lower East Side,40.71893,-73.99049,Entire home/apt,103,30,30,,POINT (-73.99049 40.71893)
29491529,Charming getaway in arty Lower East Side,Manhattan,Chinatown,40.71399,-73.99157,Entire home/apt,100,30,30,,POINT (-73.99157 40.71399)
29704561,Huge Designer 1 Br Soho Loft Elevator & Terrace,Manhattan,Lower East Side,40.72024,-73.99227,Entire home/apt,204,4,30,600.0,POINT (-73.99227 40.72024)
29893519,the Perfect LES studio,Manhattan,Lower East Side,40.72128,-73.98897,Entire home/apt,119,30,30,,POINT (-73.98897 40.72128)
29800927,Brand New Luxury Apartment with Private Garden,Manhattan,Lower East Side,40.7178,-73.9912,Entire home/apt,170,30,30,,POINT (-73.9912 40.7178)
29921568,"Sunny/Quiet/Clean/Zen, in Central Location!",Manhattan,Chinatown,40.71617,-73.99406,Private room,64,3,30,,POINT (-73.99406 40.71617)
29987700,"Spacious, sunny 1 bedroom on the Lower East Side",Manhattan,Lower East Side,40.71287,-73.97723,Entire home/apt,189,30,30,,POINT (-73.97723 40.71287)
30015658,private spacious LES bedroom,Manhattan,Lower East Side,40.7175,-73.98903,Private room,95,30,30,,POINT (-73.98903 40.7175)
30023607,Sunny bedroom with a view in East Village/LES/NYC,Manhattan,Lower East Side,40.72138,-73.98447,Private room,100,30,30,,POINT (-73.98447 40.72138)
30373480,Cozy Nook in Trendy Lower East Side,Manhattan,Lower East Side,40.71869,-73.98434,Entire home/apt,228,4,30,,POINT (-73.98434 40.71869)
30466053,Awesome 2 bed apartment in LES,Manhattan,Lower East Side,40.72005,-73.991,Entire home/apt,135,30,30,,POINT (-73.991 40.72005)
30561958,Vibey Artist Studio - Heart of Lower East Side,Manhattan,Lower East Side,40.72158,-73.98773,Entire home/apt,75,30,30,,POINT (-73.98773 40.72158)
30507928,Private Entrance Room in the HEART of the Village,Manhattan,Lower East Side,40.72061,-73.98768,Shared room,150,30,30,,POINT (-73.98768 40.72061)
30531163,"Private Room in Top Floor Apartment, heart of NYC",Manhattan,Lower East Side,40.72256,-73.98881,Private room,110,30,30,,POINT (-73.98881 40.72256)
30686973,Tranquil oasis in the fast pace of NYC,Manhattan,Lower East Side,40.71695,-73.98357,Private room,170,1,30,200.0,POINT (-73.98357 40.71695)
30954420,Artistic apartment in the Heart of Manhattan,Manhattan,Lower East Side,40.71968,-73.984,Entire home/apt,500,30,30,,POINT (-73.984 40.71968)
30954828,Clean and Cozy 1 Bedroom Apartment in LES,Manhattan,Lower East Side,40.7209,-73.98375,Entire home/apt,100,30,30,,POINT (-73.98375 40.7209)
30735480,Neve recording studio,Manhattan,Lower East Side,40.71518,-73.98634,Entire home/apt,600,1,30,,POINT (-73.98634 40.71518)
31036861,1400 square foot 3 bedroom/2bath entire Apt!,Manhattan,Chinatown,40.71642,-73.99003,Entire home/apt,435,7,30,,POINT (-73.99003 40.71642)
31128175,Awesome Apartment in Lower East Side,Manhattan,Chinatown,40.71335,-73.99066,Private room,60,30,30,,POINT (-73.99066 40.71335)
31439428,"Manhattan: large 3bed/2bath, new reno, central LES",Manhattan,Lower East Side,40.7117,-73.98671,Shared room,998,60,60,,POINT (-73.98671 40.7117)
31176662,Modern East Village Oasis,Manhattan,Lower East Side,40.72262,-73.98934,Entire home/apt,195,30,30,,POINT (-73.98934 40.72262)
31540573,Sunny Manhattan Studio with Exposed Brick,Manhattan,Lower East Side,40.7205,-73.99374,Entire home/apt,120,30,30,,POINT (-73.99374 40.7205)
31684570,Designer Apartment in Cool Two Bridges,Manhattan,Chinatown,40.7137,-73.99649,Entire home/apt,175,30,30,,POINT (-73.99649 40.7137)
31963324,New Luxury Doorman Apartment,Manhattan,Lower East Side,40.71317,-73.98947,Private room,65,30,30,,POINT (-73.98947 40.71317)
33533601,Chic Blush Freesia,Manhattan,Chinatown,40.71639,-73.99086,Private room,91,2,31,91.0,POINT (-73.99086 40.71639)
33534624,Chic Blush Shine,Manhattan,Chinatown,40.71474,-73.99096,Private room,91,2,30,91.0,POINT (-73.99096 40.71474)
33442531,East Village Room for Rent,Manhattan,Lower East Side,40.72104,-73.98411,Private room,135,5,30,,POINT (-73.98411 40.72104)
34206567,giant bright loft on the lower east side,Manhattan,Lower East Side,40.71476,-73.98059,Entire home/apt,199,14,30,199.0,POINT (-73.98059 40.71476)
34368310,NEW ! Chic Designer Blue,Manhattan,Lower East Side,40.71424,-73.98639,Private room,89,3,30,89.0,POINT (-73.98639 40.71424)
34447510,Prime apt in the heart of the LES,Manhattan,Lower East Side,40.71763,-73.98609,Entire home/apt,130,30,30,,POINT (-73.98609 40.71763)
34668348,Huge 1 Bedroom in LES,Manhattan,Lower East Side,40.71582,-73.98719,Entire home/apt,250,2,30,,POINT (-73.98719 40.71582)
35080347,Downtown Manhattan apartment,Manhattan,Lower East Side,40.71313,-73.98516,Entire home/apt,200,30,30,,POINT (-73.98516 40.71313)
34722659,NEW! Chic Designer Vanilla,Manhattan,Lower East Side,40.7147,-73.98625,Private room,95,3,30,95.0,POINT (-73.98625 40.7147)
34973988,Cute studio in heart of LES. F train 3 mins away.,Manhattan,Lower East Side,40.72004,-73.9878,Entire home/apt,150,30,30,,POINT (-73.9878 40.72004)
35164294,Eva’s Place,Manhattan,Lower East Side,40.7229,-73.99091,Entire home/apt,200,6,30,,POINT (-73.99091 40.7229)
35001175,Cozy Brickwall Loft in Lower East Side Manhattan,Manhattan,Chinatown,40.71494,-73.99219,Entire home/apt,130,30,30,,POINT (-73.99219 40.71494)
35196872,LES Dream,Manhattan,Lower East Side,40.71817,-73.98528,Private room,81,30,30,,POINT (-73.98528 40.71817)
35566699,"The Allen Hotel, King Deluxe",Manhattan,Lower East Side,40.71904,-73.98974,Hotel room,185,1,1,192.0,POINT (-73.98974 40.71904)
35566995,"The Allen Hotel, King Balcony",Manhattan,Lower East Side,40.71915,-73.98976,Hotel room,198,1,1,205.0,POINT (-73.98976 40.71915)
35880719,Bowery Duplex Penthouse w/ Private Garden 2Bd/2Ba,Manhattan,Lower East Side,40.72238,-73.99261,Entire home/apt,245,30,30,325.0,POINT (-73.99261 40.72238)
36147561,L.E.S. is the place,Manhattan,Lower East Side,40.71911,-73.99121,Entire home/apt,200,2,2,320.0,POINT (-73.99121 40.71911)
35944106,Cozy two bedroom apt close to Soho and NYU.,Manhattan,Lower East Side,40.72381,-73.99257,Entire home/apt,406,30,30,400.0,POINT (-73.99257 40.72381)
35999656,Cosy LES Apartment,Manhattan,Lower East Side,40.72153,-73.98618,Entire home/apt,800,30,30,,POINT (-73.98618 40.72153)
36074873,"Cosy Private room, in two bridges",Manhattan,Two Bridges,40.71267,-73.99554,Private room,60,30,30,,POINT (-73.99554 40.71267)
36591820,Cozy Room in the Heart of Chinatown,Manhattan,Chinatown,40.71759,-73.99283,Private room,157,30,30,,POINT (-73.99283 40.71759)
36877037,exceptional light full high flr 2 bd  soho/nolita,Manhattan,Lower East Side,40.72194,-73.99249,Entire home/apt,367,30,30,,POINT (-73.99249 40.72194)
37122162,Beautiful Standard Full Room at The Ridge,Manhattan,Lower East Side,40.72259,-73.98841,Private room,135,1,1,262.0,POINT (-73.98841 40.72259)
37122437,Amazing King size Room at The Ridge,Manhattan,Lower East Side,40.72258,-73.99046,Private room,154,1,1,307.0,POINT (-73.99046 40.72258)
37153544,★ Simple & Clean ★ King Bed ★ Comfort & Calm ★,Manhattan,Chinatown,40.71646,-73.99041,Entire home/apt,177,30,730,281.0,POINT (-73.99041 40.71646)
37393364,# One of a Kind Grand Private Outdoor Patio,Manhattan,Chinatown,40.71558,-73.99119,Entire home/apt,566,30,30,,POINT (-73.99119 40.71558)
37326028,Bright and cosy apartment in the heart of the city,Manhattan,Lower East Side,40.71911,-73.9819,Entire home/apt,160,30,30,,POINT (-73.9819 40.71911)
37688045,Best Deal: Spacious Room in Prime LES Street,Manhattan,Lower East Side,40.71647,-73.98861,Private room,90,5,30,92.0,POINT (-73.98861 40.71647)
37744976,Beautiful 1-bedroom in LES.,Manhattan,Lower East Side,40.71961,-73.98373,Entire home/apt,150,30,30,,POINT (-73.98373 40.71961)
37987719,Beautiful Light-Filled Loft in Nolita/Soho,Manhattan,Lower East Side,40.72069,-73.99327,Entire home/apt,175,4,30,,POINT (-73.99327 40.72069)
38459508,Beautiful SOHO apartment with a private terrace,Manhattan,Lower East Side,40.71938,-73.9881,Private room,239,2,30,,POINT (-73.9881 40.71938)
38704688,LUXE is Lower Manhattan,Manhattan,Lower East Side,40.71171,-73.99189,Entire home/apt,150,60,60,150.0,POINT (-73.99189 40.71171)
39035186,Plant galore,Manhattan,Lower East Side,40.7182,-73.99388,Entire home/apt,245,2,30,,POINT (-73.99388 40.7182)
39199781,"""LES"" Manhattan! Large Cozy Private Bedroom in NYC",Manhattan,Chinatown,40.71356,-73.9904,Private room,85,5,30,75.0,POINT (-73.9904 40.71356)
39536408,Lower Manhattan Bedroom Alphabet City,Manhattan,Lower East Side,40.71972,-73.97956,Private room,120,30,30,,POINT (-73.97956 40.71972)
39554590,Recently renovated apartment with full kitchen,Manhattan,Lower East Side,40.71342,-73.98901,Entire home/apt,140,30,30,139.0,POINT (-73.98901 40.71342)
39574087,"The Allen Hotel, Deluxe Penthouse King Suite",Manhattan,Lower East Side,40.71918,-73.99123,Private room,10000,1,1,,POINT (-73.99123 40.71918)
39930214,Bohemian's  Designer room,Manhattan,Lower East Side,40.72038,-73.98504,Private room,93,2,30,,POINT (-73.98504 40.72038)
39954574,Loft style designer bedroom,Manhattan,Lower East Side,40.7185,-73.98597,Private room,97,4,30,127.0,POINT (-73.98597 40.7185)
40059707,Spacious Room w/ Ensuite in LES,Manhattan,Chinatown,40.71511,-73.99293,Private room,50,5,30,,POINT (-73.99293 40.71511)
39780878,"Quiet 1BR, furnished, rentable for several weeks",Manhattan,Lower East Side,40.72153,-73.98526,Entire home/apt,50,3,30,,POINT (-73.98526 40.72153)
40197148,Room available in STUNNING apt in lower east side,Manhattan,Lower East Side,40.72222,-73.99193,Entire home/apt,250,30,30,,POINT (-73.99193 40.72222)
40368139,Cute 1br Apt heart of LES on top of cafes! (WFH+),Manhattan,Lower East Side,40.71966,-73.98965,Entire home/apt,163,2,30,,POINT (-73.98965 40.71966)
40394315,Penthouse apartment bdrm #2,Manhattan,Chinatown,40.71589,-73.99016,Private room,150,30,30,,POINT (-73.99016 40.71589)
40394743,Bright Penthouse Apartment : Bdrm #3,Manhattan,Lower East Side,40.71782,-73.99193,Private room,145,30,30,,POINT (-73.99193 40.71782)
40256445,Cozy one bedroom in the heart of Lower East Side,Manhattan,Lower East Side,40.71944,-73.98643,Entire home/apt,200,30,30,,POINT (-73.98643 40.71944)
40534352,Cozy Lower East Side Studio,Manhattan,Lower East Side,40.7234,-73.99251,Entire home/apt,150,30,30,,POINT (-73.99251 40.7234)
40777336,Quiet Clean Lower East Side 1BR - Amazing Location,Manhattan,Chinatown,40.71667,-73.98995,Entire home/apt,250,30,30,,POINT (-73.98995 40.71667)
40657464,Trendy pad in trendy location (East Village),Manhattan,Lower East Side,40.72121,-73.98429,Entire home/apt,167,7,30,,POINT (-73.98429 40.72121)
40871135,Cozy cute eclectic downtown well lit Studio LES,Manhattan,Lower East Side,40.7197,-73.99284,Entire home/apt,130,2,30,,POINT (-73.99284 40.7197)
40861223,Spacious Manhattan Loft Space,Manhattan,Lower East Side,40.71307,-73.98252,Entire home/apt,250,30,30,,POINT (-73.98252 40.71307)
40992950,Easy living downtown,Manhattan,Lower East Side,40.71933,-73.99168,Entire home/apt,180,30,30,200.0,POINT (-73.99168 40.71933)
40905066,LoftStyle MasterBedroom + office in LES,Manhattan,Lower East Side,40.71854,-73.98464,Private room,127,3,30,127.0,POINT (-73.98464 40.71854)
40943649,Light filled studio in Heart of Lower east side,Manhattan,Lower East Side,40.71715,-73.98932,Entire home/apt,91,30,30,,POINT (-73.98932 40.71715)
42326675,RARE LUX Pvt. Elevator & Pvt. Outdoor space Apt. 2,Manhattan,Lower East Side,40.71309,-73.98901,Entire home/apt,345,30,30,311.0,POINT (-73.98901 40.71309)
42327095,RARE LUX. Private. Elevator Outdoor space Apt. 5,Manhattan,Lower East Side,40.71313,-73.98896,Entire home/apt,310,30,30,310.0,POINT (-73.98896 40.71313)
42327227,RARE LUX Pvt. Elevator & Pvt. Outdoor space Apt. 6,Manhattan,Lower East Side,40.71318,-73.98902,Entire home/apt,325,30,30,311.0,POINT (-73.98902 40.71318)
42374905,Cozy and spacious room in Lower East Side,Manhattan,Lower East Side,40.7198,-73.99291,Private room,99,30,30,,POINT (-73.99291 40.7198)
42389957,Designer apt w private backyard.  Manhattan LES,Manhattan,Lower East Side,40.71232,-73.99148,Entire home/apt,120,30,30,90.0,POINT (-73.99148 40.71232)
42938172,2br Lower East Side Artist Loft in Prime Location,Manhattan,Chinatown,40.71619,-73.99201,Entire home/apt,130,30,30,,POINT (-73.99201 40.71619)
42982053,Cozy room in downtown Manhattan,Manhattan,Two Bridges,40.71094,-73.99556,Private room,85,2,31,85.0,POINT (-73.99556 40.71094)
43271004,138 Bowery-King Suite w. Living Room Space,Manhattan,Lower East Side,40.71883,-73.99378,Entire home/apt,145,15,15,224.0,POINT (-73.99378 40.71883)
43310180,138 Bowery-Modern Queen Studio,Manhattan,Lower East Side,40.71984,-73.99391,Entire home/apt,129,15,15,180.0,POINT (-73.99391 40.71984)
43311037,138 Bowery-Modern Queen Studio,Manhattan,Lower East Side,40.71868,-73.99371,Entire home/apt,125,15,15,168.0,POINT (-73.99371 40.71868)
43311252,138 Bowery-Modern Queen Studio,Manhattan,Lower East Side,40.71883,-73.9937,Entire home/apt,125,15,15,210.0,POINT (-73.9937 40.71883)
43315188,138 Bowery-Classic King Studio,Manhattan,Chinatown,40.71805,-73.9946,Entire home/apt,105,15,15,205.0,POINT (-73.9946 40.71805)
43315235,138 Bowery-Classic King Studio,Manhattan,Lower East Side,40.71962,-73.9939,Entire home/apt,150,15,15,205.0,POINT (-73.9939 40.71962)
43425402,Sunny 1 Bedroom Top Floor Apartment in L.E.S.,Manhattan,Lower East Side,40.72226,-73.99045,Entire home/apt,200,58,58,,POINT (-73.99045 40.72226)
43553341,Bright & Large Apartment With Authentic NYC Charm,Manhattan,Lower East Side,40.71948,-73.99031,Entire home/apt,220,20,30,200.0,POINT (-73.99031 40.71948)
44049457,138 Bowery-Classic King Studio,Manhattan,Lower East Side,40.71942,-73.99386,Entire home/apt,105,15,15,175.0,POINT (-73.99386 40.71942)
44059368,Homey & Spacious 3 Bedroom Apartment,Manhattan,Lower East Side,40.71652,-73.98908,Entire home/apt,250,30,30,,POINT (-73.98908 40.71652)
44118529,2 Bedroom Apartment w/ Large Private Patio in LES,Manhattan,Lower East Side,40.71948,-73.99063,Entire home/apt,250,3,30,,POINT (-73.99063 40.71948)
44192923,All-new HUGE photo-shoot-ready 2 Bedroom in LES !!,Manhattan,Lower East Side,40.71753901842585,-73.99052746305674,Entire home/apt,600,365,365,600.0,POINT (-73.99052746305674 40.71753901842585)
44476787,"Modern, Roomy 2BD/2BA in the heart of SOHO/LES",Manhattan,Lower East Side,40.72255,-73.99265,Entire home/apt,195,30,30,248.0,POINT (-73.99265 40.72255)
44749512,138 Bowery-Spacious King Suite,Manhattan,Lower East Side,40.71858,-73.99369,Entire home/apt,150,15,15,229.0,POINT (-73.99369 40.71858)
45013494,138 Bowery-Modern Queen Studio,Manhattan,Lower East Side,40.71875,-73.99399,Entire home/apt,160,15,15,210.0,POINT (-73.99399 40.71875)
45079976,Private Bathroom Lower East Side Apartment,Manhattan,Lower East Side,40.71347,-73.98844,Private room,39,30,30,,POINT (-73.98844 40.71347)
45421986,East Village Loft Space Duplex,Manhattan,Lower East Side,40.72305,-73.99105,Entire home/apt,295,30,30,,POINT (-73.99105 40.72305)
45591853,138 Bowery-King Suite w. Living Room Space,Manhattan,Lower East Side,40.72018,-73.99403,Entire home/apt,155,15,15,230.0,POINT (-73.99403 40.72018)
45595993,138 Bowery-Studio Suite w. Dining Area,Manhattan,Lower East Side,40.71958,-73.99391,Entire home/apt,135,15,15,193.0,POINT (-73.99391 40.71958)
45480128,Lower East Side Cool - Private Bath/BED + Terrace,Manhattan,Chinatown,40.71562,-73.99194,Private room,150,7,365,150.0,POINT (-73.99194 40.71562)
45672270,Heart of Chinatown 1 bedroom/ near Brooklyn Bridge,Manhattan,Chinatown,40.71451,-73.99642,Entire home/apt,60,30,30,,POINT (-73.99642 40.71451)
45685520,Skyline 1BR with 600sq ft Private Terrace - LES,Manhattan,Lower East Side,40.71991,-73.98318,Entire home/apt,195,30,30,195.0,POINT (-73.98318 40.71991)
45691383,138 Bowery-Classic Queen Studio,Manhattan,Lower East Side,40.72034,-73.99387,Entire home/apt,110,15,15,194.0,POINT (-73.99387 40.72034)
45697372,138 Bowery-King Suite w. Living Room Space,Manhattan,Lower East Side,40.71844,-73.99383,Entire home/apt,176,15,15,230.0,POINT (-73.99383 40.71844)
45697850,138 Bowery-Studio Suite w. Dining Area,Manhattan,Lower East Side,40.71959,-73.9939,Entire home/apt,150,15,15,198.0,POINT (-73.9939 40.71959)
45970489,stunning 2 floors apt in the lower east side,Manhattan,Lower East Side,40.71313,-73.98039,Entire home/apt,130,30,30,,POINT (-73.98039 40.71313)
45752036,138 Bowery-Modern King Studio,Manhattan,Lower East Side,40.7183,-73.99418,Entire home/apt,121,15,15,215.0,POINT (-73.99418 40.7183)
46025711,138 Bowery-Classic Queen Studio,Manhattan,Lower East Side,40.71864,-73.99388,Entire home/apt,138,15,15,200.0,POINT (-73.99388 40.71864)
46419119,Disco meets Chinatown Chic Lower East Side Apt.,Manhattan,Chinatown,40.71413,-73.99409,Entire home/apt,347,3,30,350.0,POINT (-73.99409 40.71413)
46354423,138 Bowery-King Suite w. Living Room Space,Manhattan,Lower East Side,40.72027,-73.99374,Entire home/apt,200,15,15,230.0,POINT (-73.99374 40.72027)
46768272,138 Bowery-Bright Studio,Manhattan,Lower East Side,40.7185,-73.99376,Entire home/apt,110,30,30,145.0,POINT (-73.99376 40.7185)
46814731,"Beautiful, large, sun-filled 1BD in Chinatown/LES",Manhattan,Chinatown,40.71693,-73.99413,Entire home/apt,275,30,30,,POINT (-73.99413 40.71693)
47142595,"Authentic Artist Loft in Heart of LES, Soho/Nolita",Manhattan,Chinatown,40.71714,-73.99515,Entire home/apt,221,3,30,200.0,POINT (-73.99515 40.71714)
47287837,Boutique Condo,Manhattan,Lower East Side,40.71785,-73.98789,Entire home/apt,182,15,30,,POINT (-73.98789 40.71785)
47162719,"Writer's Sun filled cozy room , super convenient",Manhattan,Lower East Side,40.71986,-73.99415,Private room,129,4,4,158.0,POINT (-73.99415 40.71986)
47311675,Beautiful & Bright Apt steps from Chinatown + LES,Manhattan,Two Bridges,40.71139,-73.99406,Entire home/apt,129,30,30,,POINT (-73.99406 40.71139)
47199810,Amazing LES Studio on Orchard Street,Manhattan,Lower East Side,40.72054,-73.98824,Entire home/apt,300,2,30,,POINT (-73.98824 40.72054)
47202211,Penthouse in Nolita w/ Downtown/Skyline Views,Manhattan,Lower East Side,40.72032,-73.99389,Private room,46,7,30,,POINT (-73.99389 40.72032)
47593392,Bright 1 Bed in the best Manhattan Neighborhood,Manhattan,Chinatown,40.71499,-73.99137,Entire home/apt,99,30,30,,POINT (-73.99137 40.71499)
47595646,1 Bd Apt in Heart of LES with Massive Private Roof,Manhattan,Lower East Side,40.72186,-73.98963,Entire home/apt,130,3,30,,POINT (-73.98963 40.72186)
47464130,Modern 2 BR / 1.5 Bath in Lower Manhattan,Manhattan,Two Bridges,40.71151,-73.99418,Entire home/apt,110,27,30,,POINT (-73.99418 40.71151)
47924038,138 Bowery-Modern King Studio,Manhattan,Lower East Side,40.72023,-73.99401,Private room,135,15,15,185.0,POINT (-73.99401 40.72023)
48105141,2 double beds with private bathroom LES NYC,Manhattan,Chinatown,40.71351,-73.99706,Private room,155,1,30,188.0,POINT (-73.99706 40.71351)
47996191,138 Bowery-Furnished Studio,Manhattan,Lower East Side,40.72025,-73.9938,Entire home/apt,115,30,30,125.0,POINT (-73.9938 40.72025)
48282693,138 Bowery-Studio in Little Italy,Manhattan,Chinatown,40.71797,-73.99412,Entire home/apt,110,30,30,110.0,POINT (-73.99412 40.71797)
48627687,138 Bowery-Bright Studio,Manhattan,Lower East Side,40.71829,-73.99372,Entire home/apt,120,30,30,170.0,POINT (-73.99372 40.71829)
48403914,Beautiful 2 bed 2 bath apartment,Manhattan,Chinatown,40.71644,-73.99072,Entire home/apt,375,4,30,170.0,POINT (-73.99072 40.71644)
48423570,Entire Spacious 1-BR Apt in Prime Lower East Side,Manhattan,Lower East Side,40.71944,-73.99119,Entire home/apt,210,30,30,210.0,POINT (-73.99119 40.71944)
48677043,Large Bedroom in our Massive Prime LES apartment,Manhattan,Chinatown,40.71652,-73.99058,Private room,85,7,30,100.0,POINT (-73.99058 40.71652)
48941264,Queen Bed With Private Bath LES NYC,Manhattan,Chinatown,40.71384,-73.99488,Private room,135,30,30,158.0,POINT (-73.99488 40.71384)
48942328,Private Full Bed in Chinatown NYC,Manhattan,Chinatown,40.71341,-73.99705,Private room,86,30,30,92.0,POINT (-73.99705 40.71341)
48942774,Queen Bed With Private Bath Chinatown NYC,Manhattan,Chinatown,40.71375,-73.99521,Private room,135,1,30,158.0,POINT (-73.99521 40.71375)
49651889,One-of-a-kind Historic Carriage House w/ Rooftop,Manhattan,Lower East Side,40.72095,-73.99047,Entire home/apt,2899,1,1,2643.0,POINT (-73.99047 40.72095)
49690753,Entire cozy 1 bedroom apartment,Manhattan,Chinatown,40.71643,-73.98967,Entire home/apt,203,4,30,120.0,POINT (-73.98967 40.71643)
49690858,Cozy 2-bedroom Apartment,Manhattan,Chinatown,40.71645,-73.99061,Entire home/apt,221,5,30,135.0,POINT (-73.99061 40.71645)
49946463,Terracotta Room in LES,Manhattan,Lower East Side,40.71971,-73.99284,Private room,98,1,3,96.0,POINT (-73.99284 40.71971)
50217756,Sunny Room in Prime LES Location,Manhattan,Chinatown,40.71656,-73.99046,Private room,90,5,5,150.0,POINT (-73.99046 40.71656)
50351396,Quiet sunny one bedroom in Lower East Side,Manhattan,Lower East Side,40.72034,-73.99099,Entire home/apt,173,4,5,207.0,POINT (-73.99099 40.72034)
50826322,Comfy and cozy  - by the Park and subway,Manhattan,Lower East Side,40.72093,-73.99094,Entire home/apt,180,30,30,157.0,POINT (-73.99094 40.72093)
50942802,Great Apartment on Park in NYC's Best Neighborhood,Manhattan,Lower East Side,40.7184,-73.99395,Entire home/apt,175,30,30,,POINT (-73.99395 40.7184)
50954129,1000 Sq ft FUNISHED LOFT MINIMAL CHIC 18 Windows,Manhattan,Lower East Side,40.71443,-73.98961,Entire home/apt,200,30,30,229.0,POINT (-73.98961 40.71443)
50873910,Untitled at 3 Freeman - Sky King,Manhattan,Lower East Side,40.7227,-73.99305,Entire home/apt,211,1,1,226.0,POINT (-73.99305 40.7227)
51143643,Lovely 1-bedroom flat in Lower East Side/Manhattan,Manhattan,Chinatown,40.71575,-73.99065,Entire home/apt,214,2,30,,POINT (-73.99065 40.71575)
51262978,✪ Large 2 Bedrooms  ✪ Queen Beds  ✪ Work Stations,Manhattan,Chinatown,40.71704,-73.99528,Entire home/apt,175,28,30,205.0,POINT (-73.99528 40.71704)
51411254,Untitled at 3 Freeman - Untitled Queen,Manhattan,Lower East Side,40.72112,-73.99289,Entire home/apt,134,1,1,176.0,POINT (-73.99289 40.72112)
51535368,Cozy Lower East Side 1br w/ patio. GREAT LOCATION!,Manhattan,Lower East Side,40.71929,-73.98618,Entire home/apt,128,1,1,178.0,POINT (-73.98618 40.71929)
51752865,"Penthouse in “dimes square”, 2 balconies!",Manhattan,Chinatown,40.71413803100586,-73.99101257324219,Entire home/apt,182,2,30,,POINT (-73.99101257324219 40.71413803100586)
51907134,Luxury Family Suite with Patio,Manhattan,Lower East Side,40.71964,-73.99067,Entire home/apt,397,1,1,774.0,POINT (-73.99067 40.71964)
51907175,Deluxe Double Queen +Balcony in downtown Manhattan,Manhattan,Lower East Side,40.7186077,-73.9897804,Entire home/apt,270,1,1,426.0,POINT (-73.9897804 40.7186077)
51907246,Deluxe King  in the heart of downtown Manhattan,Manhattan,Lower East Side,40.7186077,-73.9897804,Entire home/apt,198,1,1,339.0,POINT (-73.9897804 40.7186077)
51907377,Quintessential King Suite with a Private Balcony,Manhattan,Lower East Side,40.7186077,-73.9897804,Entire home/apt,386,1,1,803.0,POINT (-73.9897804 40.7186077)
51789447,Lower Manhattan Cozy,Manhattan,Two Bridges,40.71084944413446,-73.99573374164116,Private room,82,4,30,,POINT (-73.99573374164116 40.71084944413446)
52009700,Luxury Junior Suite +Balcony in Downtown Manhattan,Manhattan,Lower East Side,40.7186077,-73.9897804,Entire home/apt,320,1,1,475.0,POINT (-73.9897804 40.7186077)
51945222,Untitled at 3 Freeman  - Studio Queen,Manhattan,Lower East Side,40.72082,-73.99152,Entire home/apt,121,1,1,169.0,POINT (-73.99152 40.72082)
52001672,Untitled at 3 Freeman - Large Freeman King (ADA),Manhattan,Lower East Side,40.72076,-73.99132,Entire home/apt,223,1,1,203.0,POINT (-73.99132 40.72076)
52002317,HUGE ROOM IN IDEAL LES SPOT,Manhattan,Lower East Side,40.71468,-73.98874,Private room,90,6,5,123.0,POINT (-73.98874 40.71468)
52172527,Deluxe Double Queen in lively downtown Manhattan,Manhattan,Lower East Side,40.7186077,-73.9897804,Entire home/apt,260,1,1,407.0,POINT (-73.9897804 40.7186077)
52172540,Superior King + S/Balcony in downtown Manhattan,Manhattan,Lower East Side,40.7186077,-73.9897804,Entire home/apt,227,1,1,296.0,POINT (-73.9897804 40.7186077)
52172548,Superior King in downtown Manhattan,Manhattan,Lower East Side,40.7186077,-73.9897804,Entire home/apt,156,1,1,249.0,POINT (-73.9897804 40.7186077)
52181849,"Sohotel, Jr Suite King",Manhattan,Lower East Side,40.7183,-73.99359,Private room,353,1,1,,POINT (-73.99359 40.7183)
52211971,Legal Modern LES 1 Bedroom with Laundry! #10349,Manhattan,Lower East Side,40.72102,-73.9888,Entire home/apt,223,30,30,197.0,POINT (-73.9888 40.72102)
52453861,☆Newly Updated True 2bd Apt in the Heart of LES☆,Manhattan,Lower East Side,40.721771,-73.987381,Entire home/apt,450,4,30,450.0,POINT (-73.987381 40.721771)
52551120,Large Studio in the heart of LES #8,Manhattan,Lower East Side,40.72107,-73.99284,Entire home/apt,110,30,30,100.0,POINT (-73.99284 40.72107)
52491515,Cozy 3 bedroom apt in the heart of Lower East Side,Manhattan,Lower East Side,40.71733,-73.99111,Entire home/apt,125,30,30,130.0,POINT (-73.99111 40.71733)
52551973,Newly Renovated Artist Loft 1 Bedroom Apt LES #2,Manhattan,Lower East Side,40.72125,-73.99319,Entire home/apt,100,30,30,125.0,POINT (-73.99319 40.72125)
52552429,Lower East Side Studio Escape #4,Manhattan,Lower East Side,40.72273,-73.99108,Entire home/apt,100,30,30,120.0,POINT (-73.99108 40.72273)
52552638,Lovely 3 Bedroom Apartment in LES #6,Manhattan,Lower East Side,40.72067,-73.99202,Entire home/apt,231,30,30,200.0,POINT (-73.99202 40.72067)
52822869,Centrally Located Private Bedroom with Bathroom,Manhattan,Chinatown,40.7162,-73.99322,Private room,114,2,30,119.0,POINT (-73.99322 40.7162)
52920789,70s designer studio in the East Village,Manhattan,Lower East Side,40.72083,-73.98281,Entire home/apt,286,1,30,215.0,POINT (-73.98281 40.72083)
53022508,Lovely 2 Bedroom Apartment in LES #Apt 7,Manhattan,Lower East Side,40.72273,-73.99171,Entire home/apt,145,30,30,150.0,POINT (-73.99171 40.72273)
53022671,Untitled at 3 Freeman - Double Bunk,Manhattan,Lower East Side,40.72259,-73.99141,Entire home/apt,216,1,1,215.0,POINT (-73.99141 40.72259)
53132475,Untitled at 3 Freeman - Studio Mini,Manhattan,Lower East Side,40.72083,-73.99279,Entire home/apt,111,1,1,146.0,POINT (-73.99279 40.72083)
53216577,Lovely one bedroom Apt in New York,Manhattan,Lower East Side,40.72022,-73.98708,Entire home/apt,275,6,30,275.0,POINT (-73.98708 40.72022)
53398202,Spacious two bedroom apartment in Two Bridges,Manhattan,Two Bridges,40.71154,-73.99333,Entire home/apt,127,3,30,100.0,POINT (-73.99333 40.71154)
53410940,Untitled at 3 Freeman - Large Freeman King,Manhattan,Lower East Side,40.72296,-73.99299,Entire home/apt,221,1,1,203.0,POINT (-73.99299 40.72296)
53489560,Cozy Studio in the LES Apt #9,Manhattan,Lower East Side,40.72095,-73.99294,Entire home/apt,120,30,30,150.0,POINT (-73.99294 40.72095)
53587742,Spacious 1 bedroom apartment with balcony,Manhattan,Lower East Side,40.7191,-73.98276,Entire home/apt,195,3,30,,POINT (-73.98276 40.7191)
53874828,Lower East Side- Perfect 1 Bedroom! #12,Manhattan,Lower East Side,40.72281,-73.99202,Entire home/apt,107,30,30,120.0,POINT (-73.99202 40.72281)
53875417,Lower East Side - Lovely Studio! #14,Manhattan,Lower East Side,40.7207,-73.99299,Entire home/apt,114,29,30,100.0,POINT (-73.99299 40.7207)
53875954,Lower East Side Studio - Great location! #13,Manhattan,Lower East Side,40.72122,-73.9932,Entire home/apt,110,28,30,110.0,POINT (-73.9932 40.72122)
555056971119508988,138 Bowery-Studio in Little Italy,Manhattan,Lower East Side,40.71812,-73.99371,Entire home/apt,120,30,30,130.0,POINT (-73.99371 40.71812)
568782483385919603,Glamorous 1 bd/1 bath Condo in Lower East Side,Manhattan,Chinatown,40.71585,-73.99039,Entire home/apt,212,2,30,170.0,POINT (-73.99039 40.71585)
567166736329761635,3 BR 1830 Historic Merchant House LES on the park,Manhattan,Lower East Side,40.71284,-73.98969,Entire home/apt,500,2,30,400.0,POINT (-73.98969 40.71284)
574847531718440079,Super cosy and charming apartment,Manhattan,Lower East Side,40.720062,-73.984825,Private room,104,1,30,98.0,POINT (-73.984825 40.720062)
582525816928227231,lovely 1 Private Room available,Manhattan,Lower East Side,40.71956,-73.99373,Private room,90,2,30,135.0,POINT (-73.99373 40.71956)
580271592654434952,"Beautiful LES 1BR w/ W/D, nr SoHo",Manhattan,Chinatown,40.7170794,-73.9932237,Entire home/apt,236,31,31,218.0,POINT (-73.9932237 40.7170794)
584183482083983017,One Bed in Two Bridges - Authentic NYC Experience,Manhattan,Two Bridges,40.71229,-73.99366,Entire home/apt,205,3,30,,POINT (-73.99366 40.71229)
587207524120016838,RARE: 6 Bedroom / 2 Bath Apt in Prime LES Location,Manhattan,Chinatown,40.71531,-73.99092,Entire home/apt,296,3,30,621.0,POINT (-73.99092 40.71531)
597304555711876002,"Great 3 bedroom apt, downtown Manhattan .",Manhattan,Chinatown,40.71468,-73.99097,Entire home/apt,200,30,30,220.0,POINT (-73.99097 40.71468)
594978188146529787,Queen room in the City,Manhattan,Chinatown,40.7134,-73.9964,Private room,98,2,31,135.0,POINT (-73.9964 40.7134)
594978227209109001,Lovely QUEEN room in the City,Manhattan,Chinatown,40.71301,-73.99594,Private room,120,2,30,120.0,POINT (-73.99594 40.71301)
601383847863781109,Práctico duplex en lower Manhattan,Manhattan,Chinatown,40.71453,-73.99112,Entire home/apt,115,30,30,111.0,POINT (-73.99112 40.71453)
601387378295632609,Gran ubicación  y cómodo apt en lower Manhattan,Manhattan,Lower East Side,40.713,-73.99231,Entire home/apt,75,30,30,93.0,POINT (-73.99231 40.713)
601395300140040942,Apartamento hermoso en lower Manhattan,Manhattan,Lower East Side,40.71314,-73.99226,Entire home/apt,120,30,30,125.0,POINT (-73.99226 40.71314)
609356519119494681,Rustic LES Semi-Duplex In Prime Location,Manhattan,Lower East Side,40.721,-73.98723,Entire home/apt,158,3,4,275.0,POINT (-73.98723 40.721)
613217295481896760,Amazing unique large 2 floor duplex LOFT on LES,Manhattan,Lower East Side,40.71342,-73.98043,Entire home/apt,210,30,30,,POINT (-73.98043 40.71342)
619354374288622502,"3 bedroom apt, Duplex, lower Manhattan. 1.5 bath",Manhattan,Lower East Side,40.71328,-73.99054,Entire home/apt,187,30,30,140.0,POINT (-73.99054 40.71328)
620217047471866399,New stylish Entire 2 Bedroom Apt at Downtown Manha,Manhattan,Two Bridges,40.71235,-73.99642,Entire home/apt,180,85,105,195.0,POINT (-73.99642 40.71235)
626177015848231393,STUDIO IN NOLITA -Heart of Downtown NYC,Manhattan,Lower East Side,40.72027,-73.99257,Entire home/apt,400,10,30,280.0,POINT (-73.99257 40.72027)
627371470100795624,2 BDRM penthouse in the heart of the LES,Manhattan,Lower East Side,40.72235,-73.98797,Entire home/apt,350,2,30,489.0,POINT (-73.98797 40.72235)
627430327536180331,Modern 2-bed condo with terrace in New York,Manhattan,Lower East Side,40.71988,-73.99231,Entire home/apt,234,30,30,,POINT (-73.99231 40.71988)
629964135068695094,RARE: KING 1.5 BR APARTMENT IN PRIME EV LOCATION,Manhattan,Lower East Side,40.72209,-73.98593,Entire home/apt,420,6,30,209.0,POINT (-73.98593 40.72209)
630127601876610614,"LES 1BR w/ Elevator, W/D & Roof, nr parks",Manhattan,Lower East Side,40.71968,-73.98333,Entire home/apt,251,31,31,269.0,POINT (-73.98333 40.71968)
630137679168876359,"Amazing LES 1BR w/ W/D, nr parks",Manhattan,Lower East Side,40.7184301,-73.9926727,Entire home/apt,230,31,31,198.0,POINT (-73.9926727 40.7184301)
640563031447363952,Lovely 2 Bedrooms 2 Bath apartment in the LES,Manhattan,Chinatown,40.71552,-73.99002,Entire home/apt,370,4,30,,POINT (-73.99002 40.71552)
646115947890871926,"LES 2BR w/ Elevator, W/D & Roof, nr parks",Manhattan,Lower East Side,40.71968,-73.98333,Entire home/apt,303,31,31,308.0,POINT (-73.98333 40.71968)
651141070866801705,"Sunlit LES 1BR w/ W/D, nr B/D train",Manhattan,Chinatown,40.717139,-73.993163,Entire home/apt,228,31,31,242.0,POINT (-73.993163 40.717139)
656292512767358715,"LES 1BR w/ W/D, nr B/D Train & Park",Manhattan,Chinatown,40.717139,-73.993163,Entire home/apt,230,31,31,283.0,POINT (-73.993163 40.717139)
664636470226614123,Nyc penthouse 3 br with 2 balcony stunning views,Manhattan,Lower East Side,40.7193331,-73.98946289999999,Entire home/apt,1271,3,30,1100.0,POINT (-73.98946289999999 40.7193331)
666708304495128651,Gorgeous 1Bed w/privet terrace,Manhattan,Lower East Side,40.72047,-73.99032,Entire home/apt,250,30,30,283.0,POINT (-73.99032 40.72047)
667962689671524076,Quaint 1br in the heart of LES,Manhattan,Lower East Side,40.71168,-73.99163,Entire home/apt,133,14,30,133.0,POINT (-73.99163 40.71168)
670102190016233630,Rare 1 Bedroom Apt in Downtown Lower East Side,Manhattan,Lower East Side,40.7198,-73.99007,Entire home/apt,148,3,30,95.0,POINT (-73.99007 40.7198)
697660780570660717,Artsy 1 bedroom home in the Lower East Side,Manhattan,Lower East Side,40.71776,-73.9892,Entire home/apt,249,2,30,,POINT (-73.9892 40.71776)
694928981372858824,Beautiful Two Bedroom with Private Patio,Manhattan,Lower East Side,40.72098,-73.99051,Entire home/apt,500,6,30,650.0,POINT (-73.99051 40.72098)
699279373657213064,Entire apartment in the Lower East Side!,Manhattan,Lower East Side,40.71861,-73.99054,Entire home/apt,105,3,30,,POINT (-73.99054 40.71861)
700871408306613219,Gorgeous Studio Apartment in Lower East Side,Manhattan,Lower East Side,40.71951,-73.98303,Entire home/apt,350,2,30,200.0,POINT (-73.98303 40.71951)
705356389953069023,Best Quality & Deal in the East Village / LES,Manhattan,Lower East Side,40.71732,-73.98404,Entire home/apt,110,30,30,100.0,POINT (-73.98404 40.71732)
711618013443325651,Quiet private bedroom with garden balcony,Manhattan,Lower East Side,40.71946,-73.98634,Private room,100,1,1,100.0,POINT (-73.98634 40.71946)
715843557995962569,Sunny 4bdrm apt in LES manhattan with views,Manhattan,Chinatown,40.71414311105654,-73.99326894432306,Entire home/apt,143,30,30,215.0,POINT (-73.99326894432306 40.71414311105654)
716708805955361335,A Quiet New York City Cave,Manhattan,Lower East Side,40.7175516,-73.9902926,Entire home/apt,180,4,30,,POINT (-73.9902926 40.7175516)
721599769694206911,Lovely Manhattan 2 Bedroom + Home Office Loft Apt,Manhattan,Chinatown,40.7141203,-73.99231189999999,Entire home/apt,349,2,30,390.0,POINT (-73.99231189999999 40.7141203)
721927508792405981,Apartment in Manhattan | Chinatown - 3 Bedroom,Manhattan,Chinatown,40.71594,-73.992859,Entire home/apt,407,3,30,250.0,POINT (-73.992859 40.71594)
721944394814891250,Apartment in Manhattan | Chinatown - 1 Bedroom,Manhattan,Chinatown,40.71639,-73.99404,Entire home/apt,214,2,30,,POINT (-73.99404 40.71639)
724802223676982101,Bedroom with 1 single bed in a Shared Apartment,Manhattan,Lower East Side,40.72134,-73.98543,Shared room,60,6,30,45.0,POINT (-73.98543 40.72134)
731903556064617611,Cozy one bedroom apartment in LES/Chinatown,Manhattan,Lower East Side,40.71268,-73.99116,Entire home/apt,150,2,30,,POINT (-73.99116 40.71268)
731150942469383801,"Mediterranean Townhouse with Rooftop, 8000sqft",Manhattan,Lower East Side,40.72118,-73.99044,Entire home/apt,4100,1,30,4100.0,POINT (-73.99044 40.72118)
738978341195723100,Cozy and quiet apartment in the middle of the LES!,Manhattan,Lower East Side,40.72088,-73.98564,Entire home/apt,230,3,30,,POINT (-73.98564 40.72088)
747271541986706190,Hermoso duplex en lower Manhattan,Manhattan,Lower East Side,40.71238,-73.99224,Entire home/apt,115,30,30,110.0,POINT (-73.99224 40.71238)
748738181686866655,Cómodo apartamento de un cuarto en Manhattan,Manhattan,Lower East Side,40.71107,-73.99159,Entire home/apt,80,30,30,94.0,POINT (-73.99159 40.71107)
751302273492065707,Lovely 1 bedroom sublet in LES New York!,Manhattan,Chinatown,40.7171543,-73.9927302,Entire home/apt,179,60,60,179.0,POINT (-73.9927302 40.7171543)
752124066836971423,Kasa Lantern LES | Let Us Light Your Way,Manhattan,Lower East Side,40.7202,-73.9906,Private room,161,1,1,278.0,POINT (-73.9906 40.7202)
752124417745502491,Kasa Lantern LES | See the City Lights,Manhattan,Lower East Side,40.71837,-73.99073,Private room,233,1,1,282.0,POINT (-73.99073 40.71837)
756375120285261731,Entire apartment in the Lower East Side!,Manhattan,Lower East Side,40.71886,-73.99021,Entire home/apt,116,30,30,121.0,POINT (-73.99021 40.71886)
756750489457249470,Calm and cozy private room in the center of LES,Manhattan,Lower East Side,40.72041,-73.98932,Private room,97,4,30,,POINT (-73.98932 40.72041)
760794253732353231,Stylish 1 Bedroom in the Heart of the LES,Manhattan,Lower East Side,40.71863,-73.98795,Entire home/apt,197,30,30,123.0,POINT (-73.98795 40.71863)
766096522634607786,L.E.S. is MORE,Manhattan,Lower East Side,40.71922,-73.98645,Entire home/apt,349,2,2,299.0,POINT (-73.98645 40.71922)
766172114480214335,Cozy room at LOWER EAST SIDE,Manhattan,Lower East Side,40.71913,-73.98842,Private room,90,1,30,,POINT (-73.98842 40.71913)
770300168025777956,Calm and Cozy in Lower Manhattan,Manhattan,Two Bridges,40.71053303248587,-73.9962679933904,Private room,82,4,30,98.0,POINT (-73.9962679933904 40.71053303248587)
771248576049582925,Lower East Side Cozy Nook,Manhattan,Lower East Side,40.71725811692415,-73.98535638351238,Private room,150,2,30,143.0,POINT (-73.98535638351238 40.71725811692415)
771918390264300599,Floor-Through Boutique Condo,Manhattan,Lower East Side,40.721518,-73.9850044,Private room,289,1,30,600.0,POINT (-73.9850044 40.721518)
779755870650313105,Cozy studio in East Village/LES,Manhattan,Lower East Side,40.71992,-73.98562,Entire home/apt,130,30,30,160.0,POINT (-73.98562 40.71992)
783231572150683927,Comfortable 1BR Downtown,Manhattan,Chinatown,40.7162743,-73.98963599999999,Entire home/apt,113,18,30,,POINT (-73.98963599999999 40.7162743)
783291200468768256,Cozy private bedroom in LES,Manhattan,Lower East Side,40.71969070000001,-73.989708,Private room,60,7,30,60.0,POINT (-73.989708 40.71969070000001)
782661008019550832,"Charming, cozy one bedroom!",Manhattan,Chinatown,40.71375,-73.99147,Entire home/apt,275,5,30,180.0,POINT (-73.99147 40.71375)
787999065887227438,Two Bridges / Chinatown Sunny Cozy Apartment,Manhattan,Chinatown,40.713293037002,-73.99556845971601,Entire home/apt,264,10,30,138.0,POINT (-73.99556845971601 40.713293037002)
786083286420253660,2-bedroom apartment in LES,Manhattan,Lower East Side,40.7196639,-73.98495179999999,Entire home/apt,250,2,30,,POINT (-73.98495179999999 40.7196639)
791754056397616680,Sunny Private bedroom Manhattan,Manhattan,Lower East Side,40.71659280683714,-73.98738251830838,Private room,155,30,30,109.0,POINT (-73.98738251830838 40.71659280683714)
795582934528306822,Furnished Queen Bedroom B in #265: Chinatown,Manhattan,Chinatown,40.71378094937674,-73.99460534359582,Private room,103,30,30,84.0,POINT (-73.99460534359582 40.71378094937674)
807024165156942147,1Bd Apartment w/private terrace,Manhattan,Lower East Side,40.7174393955636,-73.99058567835566,Entire home/apt,250,1,30,,POINT (-73.99058567835566 40.7174393955636)
806496948572480124,69-3A   Prime LES Modern Brand New 1BR,Manhattan,Lower East Side,40.71827084538908,-73.98612842340768,Entire home/apt,131,30,30,133.0,POINT (-73.98612842340768 40.71827084538908)
818082696608058770,69-2A  PRIME Lower East Side 1br Apt  Brand New,Manhattan,Lower East Side,40.718547549630266,-73.98564804741206,Entire home/apt,143,30,30,132.0,POINT (-73.98564804741206 40.718547549630266)
818087759889734860,69-2D  Stylish Lower East Side 1BR Apt BRAND NEW,Manhattan,Lower East Side,40.719767861049846,-73.98624184371909,Entire home/apt,143,30,30,146.0,POINT (-73.98624184371909 40.719767861049846)
818090794671877501,69-3D  Prime Lower East East BRAND NEW 1br Apt,Manhattan,Lower East Side,40.71870955336263,-73.98626696427407,Entire home/apt,131,30,30,133.0,POINT (-73.98626696427407 40.71870955336263)
818117820760322238,69-4D  Trendy Lower East Side 1B BRAND NEW,Manhattan,Lower East Side,40.720097774027295,-73.98620087604274,Entire home/apt,123,30,30,127.0,POINT (-73.98620087604274 40.720097774027295)
818118331588449510,69-4A  Quality NEW Prime Lower East 1br Apt,Manhattan,Lower East Side,40.71818826213018,-73.98454012031229,Entire home/apt,123,30,30,127.0,POINT (-73.98454012031229 40.71818826213018)
818119556081729494,69-4C  PRIME Lower East Side 1br Apt  Brand New,Manhattan,Lower East Side,40.71870333414926,-73.98424344555163,Entire home/apt,123,30,30,127.0,POINT (-73.98424344555163 40.71870333414926)
818123992750150461,69-5B I Stylish Lower East Side 1BR Apt  BRAND NEW,Manhattan,Lower East Side,40.71894,-73.98618,Entire home/apt,123,30,30,,POINT (-73.98618 40.71894)
821029707655831334,69-5D  Modern Lower East East 1br Apt BRAND NEW,Manhattan,Lower East Side,40.72053760248016,-73.98620969325773,Entire home/apt,123,30,30,129.0,POINT (-73.98620969325773 40.72053760248016)
821008630461119661,69-5A  Modern Lower East Side 1BR Apt,Manhattan,Lower East Side,40.72043,-73.98447,Entire home/apt,123,30,30,127.0,POINT (-73.98447 40.72043)
821012397088618609,69-2C  Brand New PRIME Lower East Side 1br Apt,Manhattan,Lower East Side,40.720299947219445,-73.98490766695187,Entire home/apt,143,30,30,145.0,POINT (-73.98490766695187 40.720299947219445)
825968755994219686,69-5C Brand New 1BR Lower East Side,Manhattan,Lower East Side,40.719657641102266,-73.98393204451725,Entire home/apt,124,30,30,133.0,POINT (-73.98393204451725 40.719657641102266)
824997515300157532,Luxury Stay In The Heart of LES,Manhattan,Lower East Side,40.71784590402268,-73.98712724630538,Entire home/apt,200,30,30,350.0,POINT (-73.98712724630538 40.71784590402268)
826088902144797735,69-3B  Prime Lower East Side BRAND NEW 1br Apt,Manhattan,Lower East Side,40.7203559509246,-73.9855118886523,Entire home/apt,132,30,30,133.0,POINT (-73.9855118886523 40.7203559509246)
826094504335640745,69-4B  Modern Lower East Side 1BR Prime Location,Manhattan,Lower East Side,40.71853694317372,-73.98629682641484,Entire home/apt,124,30,30,127.0,POINT (-73.98629682641484 40.71853694317372)
823759389337253261,private room in Manhattan,Manhattan,Lower East Side,40.71382220375498,-73.98826651741805,Private room,84,3,30,59.0,POINT (-73.98826651741805 40.71382220375498)
828341400250381876,Newly furnished 1BR Prime Lower east,Manhattan,Lower East Side,40.718936290762784,-73.98392563636413,Entire home/apt,144,30,30,124.0,POINT (-73.98392563636413 40.718936290762784)
828857943615714728,Entire 2BR Apt in Manhattan,Manhattan,Lower East Side,40.713926218159614,-73.98943298350888,Entire home/apt,177,3,30,128.0,POINT (-73.98943298350888 40.713926218159614)
832521423146425469,69-2B  Prime Lower East East BRAND NEW 1br Apt,Manhattan,Lower East Side,40.72048792229369,-73.98611745934514,Entire home/apt,144,30,30,143.0,POINT (-73.98611745934514 40.72048792229369)
830663161811026177,Spacious 1br in the heart of NYC,Manhattan,Lower East Side,40.71990605699981,-73.98563807401962,Entire home/apt,199,2,30,,POINT (-73.98563807401962 40.71990605699981)
833930218211281670,69-3C  Stylish Lower East Side 1br Apt,Manhattan,Lower East Side,40.71819616312027,-73.98601198125998,Entire home/apt,132,30,30,133.0,POINT (-73.98601198125998 40.71819616312027)
832361924018388492,Furnished Full Bedroom A in #262: Chinatown,Manhattan,Chinatown,40.7139869872237,-73.9932082789816,Private room,93,30,30,78.0,POINT (-73.9932082789816 40.7139869872237)
